Provincia,Año,Trimestre,Accesos por cada 100 hogares,Variacion Trimestral
Buenos Aires,2014,1,54.57,
Buenos Aires,2014,2,55.06,0.8979292651640103
Buenos Aires,2014,3,56.75,3.0693788594260862
Buenos Aires,2014,4,56.09,-1.162995594713645
Buenos Aires,2015,1,56.37,0.4991977179532814
Buenos Aires,2015,2,56.8,0.7628171012950213
Buenos Aires,2015,3,57.69,1.566901408450705
Buenos Aires,2015,4,58.29,1.0400416016640657
Buenos Aires,2016,1,57.34,-1.6297821238634325
Buenos Aires,2016,2,59.34,3.4879665155214568
Buenos Aires,2016,3,60.14,1.3481631277384443
Buenos Aires,2016,4,61.24,1.8290655138011314
Buenos Aires,2017,1,58.57,-4.359895493141741
Buenos Aires,2017,2,56.27,-3.9269250469523564
Buenos Aires,2017,3,55.63,-1.1373733783543671
Buenos Aires,2017,4,57.61,3.559230630954513
Buenos Aires,2018,1,62.63,8.71376497135914
Buenos Aires,2018,2,62.78,0.23950183618073329
Buenos Aires,2018,3,64.44,2.6441541892322284
Buenos Aires,2018,4,64.6,0.24829298572315306
Buenos Aires,2019,1,66.24,2.5386996904024794
Buenos Aires,2019,2,67.85,2.430555555555558
Buenos Aires,2019,3,69.36,2.225497420781153
Buenos Aires,2019,4,64.25,-7.367358708189153
Buenos Aires,2020,1,64.33,0.1245136186770468
Buenos Aires,2020,2,65.22,1.3834913726099796
Buenos Aires,2020,3,67.66,3.7411836859858827
Buenos Aires,2020,4,68.98,1.9509311262193352
Buenos Aires,2021,1,69.11,0.1884604233110876
Buenos Aires,2021,2,70.0,1.2878020546954083
Buenos Aires,2021,3,71.68,2.400000000000002
Buenos Aires,2021,4,75.66,5.552455357142838
Buenos Aires,2022,1,76.08,0.5551149881046769
Capital Federal,2014,1,112.25,
Capital Federal,2014,2,113.14,0.7928730512249516
Capital Federal,2014,3,113.8,0.5833480643450573
Capital Federal,2014,4,114.9,0.9666080843585334
Capital Federal,2015,1,114.9,0.0
Capital Federal,2015,2,116.07,1.0182767624020705
Capital Federal,2015,3,118.29,1.9126389247867692
Capital Federal,2015,4,118.13,-0.13526079972948635
Capital Federal,2016,1,115.16,-2.514179293998142
Capital Federal,2016,2,120.04,4.237582493921499
Capital Federal,2016,3,120.77,0.6081306231256134
Capital Federal,2016,4,120.63,-0.11592282851701219
Capital Federal,2017,1,108.37,-10.163309292879042
Capital Federal,2017,2,124.06,14.478176617144968
Capital Federal,2017,3,121.86,-1.7733354828308956
Capital Federal,2017,4,122.9,0.8534383719021932
Capital Federal,2018,1,106.24,-13.555736371033367
Capital Federal,2018,2,106.53,0.2729668674698926
Capital Federal,2018,3,108.45,1.8023092086736137
Capital Federal,2018,4,108.27,-0.16597510373445035
Capital Federal,2019,1,109.2,0.8589637018564744
Capital Federal,2019,2,110.55,1.2362637362637319
Capital Federal,2019,3,112.65,1.8995929443690773
Capital Federal,2019,4,106.25,-5.681313803817134
Capital Federal,2020,1,105.98,-0.2541176470588158
Capital Federal,2020,2,106.41,0.40573693149650314
Capital Federal,2020,3,107.68,1.193496851799658
Capital Federal,2020,4,108.31,0.5850668647845447
Capital Federal,2021,1,108.42,0.10156033607238157
Capital Federal,2021,2,110.14,1.5864231691569808
Capital Federal,2021,3,111.27,1.0259669511530678
Capital Federal,2021,4,111.27,0.0
Capital Federal,2022,1,111.8,0.4763188640244387
Catamarca,2014,1,24.25,
Catamarca,2014,2,24.7,1.855670103092777
Catamarca,2014,3,24.71,0.040485829959524544
Catamarca,2014,4,25.51,3.2375556454876664
Catamarca,2015,1,25.11,-1.5680125441003612
Catamarca,2015,2,25.45,1.3540422142572783
Catamarca,2015,3,25.86,1.6110019646365492
Catamarca,2015,4,26.24,1.4694508894044889
Catamarca,2016,1,25.91,-1.2576219512195008
Catamarca,2016,2,26.07,0.6175221922037899
Catamarca,2016,3,26.48,1.5726889144610734
Catamarca,2016,4,26.54,0.22658610271901747
Catamarca,2017,1,25.66,-3.3157498116051176
Catamarca,2017,2,25.98,1.247077162899446
Catamarca,2017,3,32.49,25.057736720554267
Catamarca,2017,4,28.62,-11.911357340720219
Catamarca,2018,1,32.79,14.570230607966451
Catamarca,2018,2,32.86,0.2134797194266458
Catamarca,2018,3,32.92,0.1825928180158254
Catamarca,2018,4,32.23,-2.0959902794653873
Catamarca,2019,1,32.19,-0.12410797393732631
Catamarca,2019,2,32.13,-0.18639328984154657
Catamarca,2019,3,30.88,-3.890445066915671
Catamarca,2019,4,36.44,18.005181347150256
Catamarca,2020,1,37.62,3.2381997804610263
Catamarca,2020,2,45.43,20.76023391812867
Catamarca,2020,3,47.16,3.808056350429223
Catamarca,2020,4,49.41,4.770992366412208
Catamarca,2021,1,48.9,-1.032179720704307
Catamarca,2021,2,52.34,7.034764826175888
Catamarca,2021,3,52.71,0.7069163163928138
Catamarca,2021,4,55.25,4.818819958262188
Catamarca,2022,1,58.21,5.357466063348415
Chaco,2014,1,20.72,
Chaco,2014,2,20.96,1.1583011583011782
Chaco,2014,3,21.11,0.7156488549618256
Chaco,2014,4,21.87,3.6001894836570347
Chaco,2015,1,26.65,21.85642432556012
Chaco,2015,2,27.46,3.039399624765493
Chaco,2015,3,27.96,1.8208302986161717
Chaco,2015,4,28.35,1.3948497854077369
Chaco,2016,1,28.08,-0.9523809523809601
Chaco,2016,2,28.59,1.816239316239332
Chaco,2016,3,28.91,1.1192724728926295
Chaco,2016,4,28.79,-0.41508128675199485
Chaco,2017,1,28.62,-0.5904828065300349
Chaco,2017,2,29.05,1.5024458420684894
Chaco,2017,3,29.98,3.201376936316702
Chaco,2017,4,30.81,2.7685123415610358
Chaco,2018,1,30.83,0.06491398896462108
Chaco,2018,2,31.25,1.3623094388582668
Chaco,2018,3,32.28,3.29600000000001
Chaco,2018,4,32.59,0.9603469640644402
Chaco,2019,1,32.64,0.15342129487572187
Chaco,2019,2,34.14,4.595588235294112
Chaco,2019,3,35.85,5.008787346221433
Chaco,2019,4,36.84,2.761506276150638
Chaco,2020,1,37.48,1.7372421281215855
Chaco,2020,2,39.83,6.270010672358595
Chaco,2020,3,41.54,4.293246296761244
Chaco,2020,4,43.03,3.5869041887337527
Chaco,2021,1,43.14,0.25563560306762767
Chaco,2021,2,43.33,0.4404265183124645
Chaco,2021,3,42.96,-0.8539118393722567
Chaco,2021,4,44.05,2.5372439478584585
Chaco,2022,1,44.06,0.022701475595932052
Chubut,2014,1,41.24,
Chubut,2014,2,41.41,0.41222114451986425
Chubut,2014,3,40.6,-1.9560492634629223
Chubut,2014,4,40.25,-0.8620689655172487
Chubut,2015,1,37.61,-6.5590062111801295
Chubut,2015,2,36.58,-2.7386333421962283
Chubut,2015,3,36.81,0.6287588846364267
Chubut,2015,4,36.89,0.21733224667208617
Chubut,2016,1,36.09,-2.168609379235553
Chubut,2016,2,36.12,0.08312551953448821
Chubut,2016,3,36.18,0.16611295681063787
Chubut,2016,4,36.07,-0.3040353786622374
Chubut,2017,1,35.66,-1.1366786803437834
Chubut,2017,2,35.55,-0.3084688726864848
Chubut,2017,3,46.22,30.01406469760901
Chubut,2017,4,51.46,11.337083513630475
Chubut,2018,1,53.72,4.391760590750082
Chubut,2018,2,54.9,2.196574832464626
Chubut,2018,3,56.39,2.714025500910755
Chubut,2018,4,42.61,-24.43695690725306
Chubut,2019,1,43.0,0.9152781037315094
Chubut,2019,2,46.99,9.279069767441861
Chubut,2019,3,47.57,1.2343051713130437
Chubut,2019,4,51.15,7.525751524069779
Chubut,2020,1,51.27,0.23460410557185618
Chubut,2020,2,57.34,11.839282231324354
Chubut,2020,3,68.34,19.18381583536799
Chubut,2020,4,68.35,0.014632718759122199
Chubut,2021,1,68.99,0.9363569861009502
Chubut,2021,2,72.29,4.783301927815642
Chubut,2021,3,80.71,11.647530778807557
Chubut,2021,4,82.57,2.3045471440961363
Chubut,2022,1,88.05,6.636793024100762
Corrientes,2014,1,22.32,
Corrientes,2014,2,22.58,1.1648745519713177
Corrientes,2014,3,22.79,0.9300265721877699
Corrientes,2014,4,23.56,3.378674857393582
Corrientes,2015,1,28.95,22.87775891341257
Corrientes,2015,2,29.58,2.1761658031087983
Corrientes,2015,3,30.17,1.9945909398242145
Corrientes,2015,4,30.34,0.5634736493205006
Corrientes,2016,1,30.08,-0.856954515491104
Corrientes,2016,2,30.58,1.66223404255319
Corrientes,2016,3,31.07,1.602354480052326
Corrientes,2016,4,30.98,-0.2896684905053126
Corrientes,2017,1,30.94,-0.12911555842478606
Corrientes,2017,2,31.39,1.4544279250161551
Corrientes,2017,3,32.17,2.484867792290535
Corrientes,2017,4,32.52,1.0879701585327917
Corrientes,2018,1,32.66,0.4305043050430335
Corrientes,2018,2,33.81,3.521126760563398
Corrientes,2018,3,34.25,1.3013901212658885
Corrientes,2018,4,34.57,0.9343065693430574
Corrientes,2019,1,35.13,1.6199016488284812
Corrientes,2019,2,38.16,8.625106746370603
Corrientes,2019,3,38.49,0.8647798742138502
Corrientes,2019,4,38.77,0.7274616783580212
Corrientes,2020,1,38.73,-0.10317255610009513
Corrientes,2020,2,40.3,4.05370513813581
Corrientes,2020,3,41.75,3.5980148883374863
Corrientes,2020,4,42.43,1.6287425149700496
Corrientes,2021,1,42.66,0.5420692905962587
Corrientes,2021,2,43.54,2.0628223159868897
Corrientes,2021,3,44.9,3.123564538355539
Corrientes,2021,4,45.51,1.358574610244978
Corrientes,2022,1,47.64,4.68029004614372
Córdoba,2014,1,52.52,
Córdoba,2014,2,53.45,1.7707539984767706
Córdoba,2014,3,54.23,1.4593077642656604
Córdoba,2014,4,54.7,0.8666789599852676
Córdoba,2015,1,54.7,0.0
Córdoba,2015,2,55.87,2.1389396709323494
Córdoba,2015,3,57.08,2.165741900841245
Córdoba,2015,4,57.36,0.4905395935529189
Córdoba,2016,1,55.28,-3.6262203626220346
Córdoba,2016,2,57.55,4.106367583212722
Córdoba,2016,3,58.24,1.1989574283232107
Córdoba,2016,4,57.7,-0.9271978021977989
Córdoba,2017,1,57.65,-0.08665511265165682
Córdoba,2017,2,58.97,2.289679098005215
Córdoba,2017,3,62.31,5.66389689672715
Córdoba,2017,4,63.33,1.6369764082811766
Córdoba,2018,1,63.52,0.300015790304764
Córdoba,2018,2,63.27,-0.3935768261964734
Córdoba,2018,3,64.24,1.5331120594278325
Córdoba,2018,4,65.09,1.3231631382316422
Córdoba,2019,1,65.52,0.6606237517283731
Córdoba,2019,2,68.07,3.891941391941378
Córdoba,2019,3,68.59,0.7639194946378769
Córdoba,2019,4,70.48,2.755503717743113
Córdoba,2020,1,70.69,0.2979568671963584
Córdoba,2020,2,72.71,2.857547036355923
Córdoba,2020,3,75.22,3.4520698665933214
Córdoba,2020,4,78.08,3.8021802712044694
Córdoba,2021,1,78.59,0.6531762295082011
Córdoba,2021,2,80.12,1.946812571573986
Córdoba,2021,3,81.28,1.4478282576135815
Córdoba,2021,4,84.51,3.9739173228346525
Córdoba,2022,1,85.76,1.4791148976452506
Entre Ríos,2014,1,34.37,
Entre Ríos,2014,2,34.69,0.9310445155658931
Entre Ríos,2014,3,34.98,0.835975785528964
Entre Ríos,2014,4,36.03,3.0017152658662116
Entre Ríos,2015,1,42.07,16.76380793782959
Entre Ríos,2015,2,42.93,2.0442120275731
Entre Ríos,2015,3,43.68,1.7470300489168311
Entre Ríos,2015,4,44.11,0.9844322344322309
Entre Ríos,2016,1,43.85,-0.5894355021537012
Entre Ríos,2016,2,44.74,2.029646522234896
Entre Ríos,2016,3,45.44,1.5645954403218587
Entre Ríos,2016,4,45.21,-0.5061619718309762
Entre Ríos,2017,1,44.91,-0.6635700066357053
Entre Ríos,2017,2,45.39,1.0688042752171167
Entre Ríos,2017,3,45.96,1.2557832121612655
Entre Ríos,2017,4,47.89,4.199303742384686
Entre Ríos,2018,1,48.68,1.64961369805805
Entre Ríos,2018,2,49.2,1.0682004930156141
Entre Ríos,2018,3,50.22,2.073170731707319
Entre Ríos,2018,4,54.37,8.263639984070092
Entre Ríos,2019,1,56.79,4.450983998528613
Entre Ríos,2019,2,57.48,1.2150026413100923
Entre Ríos,2019,3,57.9,0.7306889352818313
Entre Ríos,2019,4,57.99,0.15544041450776813
Entre Ríos,2020,1,56.12,-3.2246939127435814
Entre Ríos,2020,2,56.54,0.7483962936564614
Entre Ríos,2020,3,58.19,2.9182879377431803
Entre Ríos,2020,4,59.47,2.199690668499743
Entre Ríos,2021,1,60.44,1.6310744913401676
Entre Ríos,2021,2,61.66,2.0185307743216363
Entre Ríos,2021,3,62.18,0.8433344145313049
Entre Ríos,2021,4,63.16,1.576069475715669
Entre Ríos,2022,1,63.7,0.8549715009499748
Formosa,2014,1,17.42,
Formosa,2014,2,17.54,0.6888633754305262
Formosa,2014,3,17.77,1.3112884834663552
Formosa,2014,4,17.96,1.0692177827799743
Formosa,2015,1,18.12,0.8908685968819663
Formosa,2015,2,18.36,1.3245033112582627
Formosa,2015,3,18.84,2.614379084967333
Formosa,2015,4,19.07,1.220806794055207
Formosa,2016,1,19.04,-0.1573151546932383
Formosa,2016,2,19.37,1.7331932773109404
Formosa,2016,3,18.64,-3.7687145069695394
Formosa,2016,4,19.85,6.491416309012887
Formosa,2017,1,19.84,-0.05037783375315685
Formosa,2017,2,19.97,0.6552419354838745
Formosa,2017,3,21.35,6.910365548322495
Formosa,2017,4,21.27,-0.37470725995316645
Formosa,2018,1,21.4,0.611189468735307
Formosa,2018,2,29.43,37.523364485981325
Formosa,2018,3,29.58,0.5096839959225274
Formosa,2018,4,29.74,0.5409060175794567
Formosa,2019,1,29.68,-0.20174848688634395
Formosa,2019,2,30.42,2.4932614555256194
Formosa,2019,3,30.11,-1.019066403681801
Formosa,2019,4,30.47,1.1956160743938904
Formosa,2020,1,30.23,-0.7876599934361628
Formosa,2020,2,31.14,3.010254713860405
Formosa,2020,3,31.91,2.4727039177906196
Formosa,2020,4,32.49,1.8176120338452062
Formosa,2021,1,32.73,0.7386888273314796
Formosa,2021,2,33.23,1.52765047357164
Formosa,2021,3,33.96,2.196810111345182
Formosa,2021,4,34.45,1.4428739693757464
Formosa,2022,1,34.96,1.4804063860667682
Jujuy,2014,1,18.42,
Jujuy,2014,2,18.71,1.574375678610207
Jujuy,2014,3,18.37,-1.8172100481026132
Jujuy,2014,4,19.6,6.695699510070763
Jujuy,2015,1,19.69,0.4591836734693766
Jujuy,2015,2,20.29,3.0472320975114098
Jujuy,2015,3,21.27,4.829965500246436
Jujuy,2015,4,21.47,0.9402914903620108
Jujuy,2016,1,21.41,-0.2794597112249608
Jujuy,2016,2,21.89,2.2419430172816446
Jujuy,2016,3,22.61,3.2891731384193656
Jujuy,2016,4,22.65,0.17691287041132764
Jujuy,2017,1,22.76,0.4856512141280467
Jujuy,2017,2,22.4,-1.5817223198594133
Jujuy,2017,3,22.65,1.116071428571419
Jujuy,2017,4,22.74,0.3973509933774766
Jujuy,2018,1,23.12,1.6710642040457468
Jujuy,2018,2,23.43,1.3408304498269796
Jujuy,2018,3,23.26,-0.725565514297899
Jujuy,2018,4,46.53,100.04299226139293
Jujuy,2019,1,46.41,-0.2578981302385652
Jujuy,2019,2,44.51,-4.093945270415855
Jujuy,2019,3,44.32,-0.42687036620983054
Jujuy,2019,4,45.38,2.391696750902539
Jujuy,2020,1,46.67,2.8426619656236163
Jujuy,2020,2,47.89,2.6140989929290814
Jujuy,2020,3,54.04,12.841929421591146
Jujuy,2020,4,53.46,-1.0732790525536662
Jujuy,2021,1,55.63,4.0591096146651795
Jujuy,2021,2,56.18,0.9886751752651302
Jujuy,2021,3,55.69,-0.8721965112139629
Jujuy,2021,4,56.92,2.208655054767461
Jujuy,2022,1,58.06,2.002810962754742
La Pampa,2014,1,48.43,
La Pampa,2014,2,49.71,2.6429898823043585
La Pampa,2014,3,55.78,12.210822772078057
La Pampa,2014,4,51.27,-8.08533524560774
La Pampa,2015,1,55.51,8.269943436707617
La Pampa,2015,2,56.71,2.161772653575933
La Pampa,2015,3,57.96,2.2041967906894833
La Pampa,2015,4,58.76,1.3802622498274575
La Pampa,2016,1,57.84,-1.5656909462219093
La Pampa,2016,2,60.44,4.495159059474396
La Pampa,2016,3,61.73,2.1343481138319076
La Pampa,2016,4,63.02,2.0897456666126857
La Pampa,2017,1,62.67,-0.5553792446842287
La Pampa,2017,2,63.49,1.3084410403702007
La Pampa,2017,3,69.14,8.899039218774618
La Pampa,2017,4,71.05,2.762510847555677
La Pampa,2018,1,71.75,0.9852216748768461
La Pampa,2018,2,71.04,-0.9895470383275207
La Pampa,2018,3,71.75,0.9994369369369371
La Pampa,2018,4,73.49,2.4250871080139236
La Pampa,2019,1,76.35,3.8916859436658013
La Pampa,2019,2,77.08,0.9561231172233287
La Pampa,2019,3,77.45,0.4800207576543869
La Pampa,2019,4,76.92,-0.6843124596513928
La Pampa,2020,1,75.77,-1.495059802392107
La Pampa,2020,2,76.1,0.4355285733139702
La Pampa,2020,3,79.26,4.152431011826563
La Pampa,2020,4,81.77,3.166792833711818
La Pampa,2021,1,81.78,0.012229423994125632
La Pampa,2021,2,82.08,0.3668378576669129
La Pampa,2021,3,84.28,2.680311890838216
La Pampa,2021,4,89.57,6.2766967252017025
La Pampa,2022,1,91.66,2.333370548174618
La Rioja,2014,1,16.29,
La Rioja,2014,2,16.5,1.2891344383057168
La Rioja,2014,3,16.51,0.0606060606060721
La Rioja,2014,4,17.01,3.028467595396722
La Rioja,2015,1,16.7,-1.8224573780129427
La Rioja,2015,2,16.88,1.0778443113772518
La Rioja,2015,3,17.15,1.5995260663506983
La Rioja,2015,4,17.32,0.9912536443148712
La Rioja,2016,1,16.83,-2.829099307159366
La Rioja,2016,2,16.88,0.2970885323826611
La Rioja,2016,3,17.07,1.1255924170616272
La Rioja,2016,4,16.46,-3.573520796719387
La Rioja,2017,1,16.2,-1.5795868772782606
La Rioja,2017,2,16.2,0.0
La Rioja,2017,3,51.47,217.71604938271608
La Rioja,2017,4,51.57,0.19428793471925054
La Rioja,2018,1,51.44,-0.25208454527826385
La Rioja,2018,2,50.98,-0.8942457231726264
La Rioja,2018,3,50.73,-0.4903883876029802
La Rioja,2018,4,50.35,-0.7490636704119757
La Rioja,2019,1,50.18,-0.337636544190667
La Rioja,2019,2,48.7,-2.949382223993613
La Rioja,2019,3,47.94,-1.5605749486653053
La Rioja,2019,4,47.14,-1.6687526074259385
La Rioja,2020,1,46.35,-1.6758591429783642
La Rioja,2020,2,49.84,7.529665587918011
La Rioja,2020,3,50.12,0.561797752808979
La Rioja,2020,4,50.11,-0.01995211492418214
La Rioja,2021,1,49.81,-0.5986828976252134
La Rioja,2021,2,76.98,54.54727966271833
La Rioja,2021,3,77.26,0.3637308391789995
La Rioja,2021,4,77.92,0.8542583484338451
La Rioja,2022,1,78.77,1.0908624229979402
Mendoza,2014,1,31.91,
Mendoza,2014,2,32.1,0.5954246317768863
Mendoza,2014,3,32.31,0.6542056074766434
Mendoza,2014,4,32.64,1.021355617455888
Mendoza,2015,1,32.37,-0.8272058823529549
Mendoza,2015,2,32.49,0.3707136237256936
Mendoza,2015,3,32.49,0.0
Mendoza,2015,4,32.49,0.0
Mendoza,2016,1,32.12,-1.1388119421360532
Mendoza,2016,2,32.13,0.03113325031134373
Mendoza,2016,3,32.09,-0.12449424214129312
Mendoza,2016,4,32.11,0.0623247117481851
Mendoza,2017,1,31.84,-0.8408595453129886
Mendoza,2017,2,31.76,-0.2512562814070307
Mendoza,2017,3,35.7,12.405541561712852
Mendoza,2017,4,33.33,-6.638655462184884
Mendoza,2018,1,37.07,11.221122112211223
Mendoza,2018,2,36.97,-0.26975991367683694
Mendoza,2018,3,37.99,2.758993778739538
Mendoza,2018,4,37.76,-0.6054224795999041
Mendoza,2019,1,37.66,-0.26483050847457834
Mendoza,2019,2,40.75,8.204992033988322
Mendoza,2019,3,40.74,-0.024539877300611135
Mendoza,2019,4,33.65,-17.40304369170349
Mendoza,2020,1,33.14,-1.5156017830609159
Mendoza,2020,2,36.25,9.384429692214846
Mendoza,2020,3,37.35,3.0344827586207046
Mendoza,2020,4,38.63,3.427041499330663
Mendoza,2021,1,39.15,1.3461040641987942
Mendoza,2021,2,40.97,4.64878671775224
Mendoza,2021,3,45.55,11.178911398584335
Mendoza,2021,4,47.51,4.3029637760702455
Mendoza,2022,1,48.74,2.588928646600719
Misiones,2014,1,23.14,
Misiones,2014,2,23.37,0.9939498703543714
Misiones,2014,3,23.57,0.8557980316645342
Misiones,2014,4,24.16,2.503182011030969
Misiones,2015,1,26.31,8.899006622516549
Misiones,2015,2,27.35,3.9528696313189116
Misiones,2015,3,28.31,3.5100548446069357
Misiones,2015,4,28.69,1.342281879194629
Misiones,2016,1,28.37,-1.1153712094806534
Misiones,2016,2,29.24,3.0666196686640834
Misiones,2016,3,29.91,2.291381668946646
Misiones,2016,4,29.72,-0.6352390504847927
Misiones,2017,1,29.52,-0.6729475100942128
Misiones,2017,2,30.09,1.9308943089430874
Misiones,2017,3,30.21,0.3988035892322994
Misiones,2017,4,31.14,3.0784508440913516
Misiones,2018,1,30.96,-0.578034682080919
Misiones,2018,2,31.63,2.1640826873384977
Misiones,2018,3,32.1,1.48593107809043
Misiones,2018,4,34.45,7.3208722741433085
Misiones,2019,1,36.26,5.2539912917271225
Misiones,2019,2,39.15,7.970215113072254
Misiones,2019,3,39.33,0.45977011494253706
Misiones,2019,4,39.79,1.1695906432748648
Misiones,2020,1,39.02,-1.9351595878361327
Misiones,2020,2,40.89,4.792414146591484
Misiones,2020,3,41.6,1.7363658596233789
Misiones,2020,4,42.64,2.499999999999991
Misiones,2021,1,43.17,1.2429643527204437
Misiones,2021,2,45.01,4.26221913365763
Misiones,2021,3,45.57,1.244167962674969
Misiones,2021,4,49.06,7.65854728988371
Misiones,2022,1,49.04,-0.040766408479420146
Neuquén,2014,1,49.79,
Neuquén,2014,2,50.84,2.10885720024101
Neuquén,2014,3,56.4,10.93627065302909
Neuquén,2014,4,52.55,-6.8262411347517755
Neuquén,2015,1,51.95,-1.1417697431017948
Neuquén,2015,2,53.12,2.252165543792106
Neuquén,2015,3,54.6,2.7861445783132543
Neuquén,2015,4,58.29,6.758241758241756
Neuquén,2016,1,55.75,-4.357522731171725
Neuquén,2016,2,59.1,6.008968609865484
Neuquén,2016,3,60.21,1.878172588832494
Neuquén,2016,4,60.87,1.0961634280019839
Neuquén,2017,1,61.02,0.2464268112370771
Neuquén,2017,2,61.91,1.4585381842018963
Neuquén,2017,3,60.83,-1.744467775803582
Neuquén,2017,4,61.24,0.6740095347690378
Neuquén,2018,1,61.52,0.4572175048987548
Neuquén,2018,2,60.24,-2.080624187256175
Neuquén,2018,3,60.49,0.41500664010625243
Neuquén,2018,4,59.07,-2.347495453794013
Neuquén,2019,1,58.88,-0.3216522769595387
Neuquén,2019,2,63.08,7.133152173913038
Neuquén,2019,3,64.14,1.6804058338617756
Neuquén,2019,4,59.36,-7.452447770502024
Neuquén,2020,1,61.85,4.194743935309986
Neuquén,2020,2,63.9,3.3144704931285407
Neuquén,2020,3,65.24,2.0970266040688523
Neuquén,2020,4,67.0,2.6977314530962637
Neuquén,2021,1,66.84,-0.23880597014924732
Neuquén,2021,2,69.14,3.441053261520044
Neuquén,2021,3,69.71,0.8244142319930425
Neuquén,2021,4,73.3,5.149906756562905
Neuquén,2022,1,74.17,1.1869031377899075
Río Negro,2014,1,44.91,
Río Negro,2014,2,45.33,0.9352037408149716
Río Negro,2014,3,46.2,1.9192587690271434
Río Negro,2014,4,45.48,-1.55844155844157
Río Negro,2015,1,45.33,-0.32981530343008103
Río Negro,2015,2,45.98,1.4339289653650944
Río Negro,2015,3,46.39,0.8916920400174
Río Negro,2015,4,46.44,0.1077818495365257
Río Negro,2016,1,45.84,-1.2919896640826711
Río Negro,2016,2,46.24,0.8726003490401313
Río Negro,2016,3,46.39,0.3243944636678098
Río Negro,2016,4,46.39,0.0
Río Negro,2017,1,46.03,-0.7760293166630738
Río Negro,2017,2,46.02,-0.02172496198131757
Río Negro,2017,3,48.52,5.432420686657968
Río Negro,2017,4,49.38,1.7724649629018874
Río Negro,2018,1,49.82,0.8910490076954103
Río Negro,2018,2,50.15,0.6623845845042053
Río Negro,2018,3,50.54,0.7776669990029905
Río Negro,2018,4,51.86,2.611792639493471
Río Negro,2019,1,53.57,3.2973389895873506
Río Negro,2019,2,61.09,14.037707672204602
Río Negro,2019,3,63.42,3.8140448518579007
Río Negro,2019,4,55.71,-12.15704824976348
Río Negro,2020,1,55.12,-1.0590558248070425
Río Negro,2020,2,56.37,2.26777939042091
Río Negro,2020,3,57.05,1.2063154160014244
Río Negro,2020,4,61.09,7.0815074496056285
Río Negro,2021,1,60.88,-0.343755115403499
Río Negro,2021,2,61.94,1.741130091984222
Río Negro,2021,3,61.97,0.048433968356476065
Río Negro,2021,4,65.69,6.002904631273198
Río Negro,2022,1,67.04,2.055107322271277
Salta,2014,1,28.7,
Salta,2014,2,28.91,0.7317073170731714
Salta,2014,3,29.22,1.072293324109297
Salta,2014,4,29.53,1.0609171800136874
Salta,2015,1,30.01,1.6254656281747382
Salta,2015,2,30.46,1.499500166611134
Salta,2015,3,31.18,2.3637557452396596
Salta,2015,4,31.59,1.3149454778704328
Salta,2016,1,31.32,-0.8547008547008517
Salta,2016,2,32.08,2.4265644955300036
Salta,2016,3,32.96,2.743142144638422
Salta,2016,4,32.69,-0.81917475728156
Salta,2017,1,32.58,-0.3364943407769938
Salta,2017,2,32.74,0.49109883364029105
Salta,2017,3,39.84,21.68601099572389
Salta,2017,4,39.8,-0.10040160642571516
Salta,2018,1,39.78,-0.05025125628139726
Salta,2018,2,39.94,0.40221216691804784
Salta,2018,3,39.43,-1.276915373059584
Salta,2018,4,39.8,0.9383717981232609
Salta,2019,1,40.1,0.7537688442211143
Salta,2019,2,41.89,4.463840399002494
Salta,2019,3,44.48,6.182859871090951
Salta,2019,4,50.35,13.19694244604317
Salta,2020,1,49.6,-1.4895729890764597
Salta,2020,2,51.58,3.9919354838709564
Salta,2020,3,52.32,1.4346645986816675
Salta,2020,4,54.04,3.2874617737002954
Salta,2021,1,53.93,-0.2035529237601752
Salta,2021,2,54.93,1.8542555164101637
Salta,2021,3,55.96,1.875113781176041
Salta,2021,4,56.81,1.5189421015010751
Salta,2022,1,56.11,-1.232177433550441
San Juan,2014,1,27.6,
San Juan,2014,2,27.78,0.6521739130434856
San Juan,2014,3,27.85,0.2519798416126706
San Juan,2014,4,28.04,0.6822262118491906
San Juan,2015,1,27.55,-1.7475035663338079
San Juan,2015,2,27.64,0.32667876588021727
San Juan,2015,3,27.67,0.10853835021709113
San Juan,2015,4,27.66,-0.03614022406939199
San Juan,2016,1,27.33,-1.1930585683297301
San Juan,2016,2,27.34,0.03658982802781097
San Juan,2016,3,27.32,-0.0731528895391298
San Juan,2016,4,27.29,-0.10980966325037089
San Juan,2017,1,27.04,-0.9160864785635714
San Juan,2017,2,26.96,-0.2958579881656709
San Juan,2017,3,32.37,20.066765578635003
San Juan,2017,4,30.3,-6.394810009267826
San Juan,2018,1,32.61,7.623762376237608
San Juan,2018,2,32.95,1.0426249616682037
San Juan,2018,3,33.05,0.3034901365705389
San Juan,2018,4,31.9,-3.479576399394857
San Juan,2019,1,31.83,-0.21943573667712046
San Juan,2019,2,35.6,11.844172164624588
San Juan,2019,3,37.06,4.101123595505629
San Juan,2019,4,32.85,-11.359956826767403
San Juan,2020,1,32.39,-1.4003044140030507
San Juan,2020,2,35.09,8.335906143871563
San Juan,2020,3,38.79,10.544314619549722
San Juan,2020,4,36.32,-6.36762052075277
San Juan,2021,1,39.06,7.544052863436135
San Juan,2021,2,39.28,0.5632360471070186
San Juan,2021,3,39.46,0.45824847250508505
San Juan,2021,4,39.59,0.3294475418144982
San Juan,2022,1,43.55,10.002525890376335
San Luis,2014,1,9.35,
San Luis,2014,2,9.72,3.9572192513369187
San Luis,2014,3,9.71,-0.10288065843621075
San Luis,2014,4,9.79,0.8238928939237722
San Luis,2015,1,9.72,-0.7150153217568844
San Luis,2015,2,9.71,-0.10288065843621075
San Luis,2015,3,9.71,0.0
San Luis,2015,4,9.71,0.0
San Luis,2016,1,9.59,-1.2358393408856916
San Luis,2016,2,9.6,0.10427528675702735
San Luis,2016,3,9.63,0.31250000000000444
San Luis,2016,4,9.64,0.10384215991692258
San Luis,2017,1,9.55,-0.9336099585062207
San Luis,2017,2,9.51,-0.41884816753927634
San Luis,2017,3,15.48,62.77602523659307
San Luis,2017,4,10.59,-31.589147286821706
San Luis,2018,1,15.15,43.05949008498584
San Luis,2018,2,15.15,0.0
San Luis,2018,3,52.35,245.54455445544554
San Luis,2018,4,67.55,29.03533906399236
San Luis,2019,1,67.34,-0.31088082901553626
San Luis,2019,2,81.79,21.45827145827146
San Luis,2019,3,85.23,4.205893140970773
San Luis,2019,4,74.92,-12.096679572920333
San Luis,2020,1,76.31,1.8553123331553678
San Luis,2020,2,78.41,2.7519329052548835
San Luis,2020,3,79.96,1.9767886749139096
San Luis,2020,4,81.68,2.1510755377688984
San Luis,2021,1,81.24,-0.5386875612145126
San Luis,2021,2,83.48,2.7572624322993677
San Luis,2021,3,79.87,-4.324389075227597
San Luis,2021,4,80.3,0.5383748591460957
San Luis,2022,1,80.72,0.523038605230397
Santa Cruz,2014,1,28.94,
Santa Cruz,2014,2,29.38,1.520387007601931
Santa Cruz,2014,3,28.23,-3.91422736555479
Santa Cruz,2014,4,27.8,-1.52320226709175
Santa Cruz,2015,1,27.99,0.6834532374100588
Santa Cruz,2015,2,27.07,-3.2868881743479794
Santa Cruz,2015,3,27.61,1.9948282231252223
Santa Cruz,2015,4,27.74,0.47084389713871744
Santa Cruz,2016,1,26.87,-3.136265320836329
Santa Cruz,2016,2,26.73,-0.5210271678451783
Santa Cruz,2016,3,26.84,0.411522633744843
Santa Cruz,2016,4,27.05,0.7824143070044753
Santa Cruz,2017,1,26.52,-1.9593345656192307
Santa Cruz,2017,2,26.25,-1.0180995475113086
Santa Cruz,2017,3,33.29,26.81904761904761
Santa Cruz,2017,4,28.91,-13.157104235506157
Santa Cruz,2018,1,33.55,16.049809754410237
Santa Cruz,2018,2,33.33,-0.6557377049180246
Santa Cruz,2018,3,32.73,-1.8001800180018068
Santa Cruz,2018,4,23.69,-27.61992056217536
Santa Cruz,2019,1,23.67,-0.08442380751371159
Santa Cruz,2019,2,28.85,21.884241656104763
Santa Cruz,2019,3,35.63,23.50086655112651
Santa Cruz,2019,4,36.71,3.0311535223126462
Santa Cruz,2020,1,35.97,-2.0157995096703907
Santa Cruz,2020,2,35.79,-0.5004170141784781
Santa Cruz,2020,3,35.95,0.44705224923164977
Santa Cruz,2020,4,37.0,2.9207232267037364
Santa Cruz,2021,1,41.65,12.567567567567561
Santa Cruz,2021,2,44.01,5.666266506602646
Santa Cruz,2021,3,43.75,-0.5907748239036503
Santa Cruz,2021,4,43.05,-1.6000000000000014
Santa Cruz,2022,1,43.34,0.6736353077816615
Santa Fe,2014,1,47.85,
Santa Fe,2014,2,48.39,1.1285266457680132
Santa Fe,2014,3,49.2,1.673899566026038
Santa Fe,2014,4,50.0,1.6260162601625883
Santa Fe,2015,1,50.24,0.48000000000001375
Santa Fe,2015,2,51.18,1.8710191082802474
Santa Fe,2015,3,52.15,1.8952715904650308
Santa Fe,2015,4,52.61,0.8820709491850431
Santa Fe,2016,1,51.28,-2.5280364949629264
Santa Fe,2016,2,52.44,2.262090483619339
Santa Fe,2016,3,52.67,0.43859649122808264
Santa Fe,2016,4,52.19,-0.9113347256502813
Santa Fe,2017,1,51.97,-0.42153669285303064
Santa Fe,2017,2,52.27,0.5772561092938222
Santa Fe,2017,3,60.91,16.529558063898975
Santa Fe,2017,4,61.71,1.3134132326383163
Santa Fe,2018,1,62.28,0.923675255226053
Santa Fe,2018,2,62.57,0.46563904945406964
Santa Fe,2018,3,63.41,1.3424964040274823
Santa Fe,2018,4,65.59,3.437943542028088
Santa Fe,2019,1,66.97,2.1039792651318834
Santa Fe,2019,2,67.42,0.6719426608929435
Santa Fe,2019,3,68.87,2.150697122515588
Santa Fe,2019,4,69.48,0.8857267315231621
Santa Fe,2020,1,69.52,0.05757052389174788
Santa Fe,2020,2,70.0,0.6904487917146263
Santa Fe,2020,3,72.12,3.028571428571425
Santa Fe,2020,4,73.58,2.024403771491956
Santa Fe,2021,1,73.92,0.4620820875237852
Santa Fe,2021,2,75.07,1.5557359307359242
Santa Fe,2021,3,75.02,-0.06660450246436245
Santa Fe,2021,4,77.09,2.7592641962143505
Santa Fe,2022,1,77.3,0.2724088727461327
Santiago Del Estero,2014,1,16.31,
Santiago Del Estero,2014,2,16.7,2.391171060698971
Santiago Del Estero,2014,3,16.49,-1.2574850299401197
Santiago Del Estero,2014,4,17.27,4.7301394784718065
Santiago Del Estero,2015,1,17.06,-1.2159814707585426
Santiago Del Estero,2015,2,17.11,0.2930832356389246
Santiago Del Estero,2015,3,17.12,0.05844535359440517
Santiago Del Estero,2015,4,17.0,-0.7009345794392607
Santiago Del Estero,2016,1,16.21,-4.647058823529404
Santiago Del Estero,2016,2,15.89,-1.9740900678593465
Santiago Del Estero,2016,3,15.33,-3.524229074889873
Santiago Del Estero,2016,4,15.07,-1.6960208741030658
Santiago Del Estero,2017,1,14.7,-2.4552090245520963
Santiago Del Estero,2017,2,14.12,-3.9455782312925125
Santiago Del Estero,2017,3,35.12,148.72521246458925
Santiago Del Estero,2017,4,29.13,-17.05580865603644
Santiago Del Estero,2018,1,34.99,20.116718159972557
Santiago Del Estero,2018,2,35.26,0.7716490425835776
Santiago Del Estero,2018,3,36.25,2.80771412365286
Santiago Del Estero,2018,4,37.4,3.1724137931034457
Santiago Del Estero,2019,1,37.52,0.3208556149732811
Santiago Del Estero,2019,2,52.79,40.69829424307034
Santiago Del Estero,2019,3,55.3,4.754688387952255
Santiago Del Estero,2019,4,42.92,-22.38698010849909
Santiago Del Estero,2020,1,42.47,-1.0484622553588174
Santiago Del Estero,2020,2,43.47,2.3546032493524827
Santiago Del Estero,2020,3,43.38,-0.20703933747411307
Santiago Del Estero,2020,4,43.75,0.8529276164130906
Santiago Del Estero,2021,1,45.67,4.388571428571431
Santiago Del Estero,2021,2,46.56,1.9487628640245225
Santiago Del Estero,2021,3,47.0,0.9450171821305808
Santiago Del Estero,2021,4,47.05,0.10638297872340718
Santiago Del Estero,2022,1,47.17,0.25504782146652527
Tierra Del Fuego,2014,1,63.97,
Tierra Del Fuego,2014,2,64.36,0.6096607784899177
Tierra Del Fuego,2014,3,65.69,2.0665009322560657
Tierra Del Fuego,2014,4,66.14,0.6850357740904256
Tierra Del Fuego,2015,1,74.23,12.231629876020577
Tierra Del Fuego,2015,2,74.51,0.3772059814091344
Tierra Del Fuego,2015,3,74.86,0.46973560595893193
Tierra Del Fuego,2015,4,66.46,-11.220945765428814
Tierra Del Fuego,2016,1,65.83,-0.9479386096900355
Tierra Del Fuego,2016,2,67.72,2.871031444630101
Tierra Del Fuego,2016,3,68.94,1.8015357353809769
Tierra Del Fuego,2016,4,70.31,1.9872352770525126
Tierra Del Fuego,2017,1,68.92,-1.9769591807708764
Tierra Del Fuego,2017,2,68.46,-0.667440510737094
Tierra Del Fuego,2017,3,65.74,-3.9731229915279
Tierra Del Fuego,2017,4,59.89,-8.898691816245808
Tierra Del Fuego,2018,1,65.2,8.866254800467521
Tierra Del Fuego,2018,2,91.61,40.50613496932514
Tierra Del Fuego,2018,3,92.77,1.2662373103373037
Tierra Del Fuego,2018,4,93.59,0.8839064352700321
Tierra Del Fuego,2019,1,93.38,-0.2243829468960401
Tierra Del Fuego,2019,2,94.8,1.520668237309919
Tierra Del Fuego,2019,3,96.46,1.751054852320677
Tierra Del Fuego,2019,4,79.7,-17.37507775243623
Tierra Del Fuego,2020,1,76.07,-4.55457967377667
Tierra Del Fuego,2020,2,76.37,0.39437360326017856
Tierra Del Fuego,2020,3,76.81,0.5761424643184521
Tierra Del Fuego,2020,4,76.27,-0.7030334591850096
Tierra Del Fuego,2021,1,77.35,1.4160220270093005
Tierra Del Fuego,2021,2,67.89,-12.230122818358103
Tierra Del Fuego,2021,3,94.95,39.85859478568272
Tierra Del Fuego,2021,4,98.4,3.6334913112164413
Tierra Del Fuego,2022,1,98.29,-0.11178861788617711
Tucumán,2014,1,33.42,
Tucumán,2014,2,33.94,1.5559545182525225
Tucumán,2014,3,33.94,0.0
Tucumán,2014,4,35.32,4.065998821449623
Tucumán,2015,1,35.08,-0.6795016987542479
Tucumán,2015,2,35.69,1.7388825541619246
Tucumán,2015,3,36.61,2.577752871952943
Tucumán,2015,4,37.06,1.22917235727944
Tucumán,2016,1,36.72,-0.9174311926605561
Tucumán,2016,2,37.24,1.4161220043573008
Tucumán,2016,3,37.9,1.772287862513422
Tucumán,2016,4,37.98,0.21108179419524475
Tucumán,2017,1,37.9,-0.21063717746181432
Tucumán,2017,2,38.19,0.7651715039577844
Tucumán,2017,3,39.7,3.9539146373396283
Tucumán,2017,4,39.9,0.5037783375314797
Tucumán,2018,1,41.18,3.2080200501253264
Tucumán,2018,2,41.51,0.8013598834385682
Tucumán,2018,3,41.68,0.4095398699108799
Tucumán,2018,4,41.76,0.19193857965451588
Tucumán,2019,1,41.63,-0.31130268199233146
Tucumán,2019,2,40.14,-3.5791496516934918
Tucumán,2019,3,39.49,-1.619332336821122
Tucumán,2019,4,47.65,20.663459103570524
Tucumán,2020,1,47.85,0.41972717733473885
Tucumán,2020,2,51.78,8.213166144200624
Tucumán,2020,3,53.23,2.800308999613743
Tucumán,2020,4,54.78,2.91189179034379
Tucumán,2021,1,54.82,0.07301935012777871
Tucumán,2021,2,54.93,0.20065669463700253
Tucumán,2021,3,54.64,-0.5279446568359769
Tucumán,2021,4,55.93,2.3609077598828687
Tucumán,2022,1,57.39,2.610405864473453
