Provincia,Año,Trimestre,Accesos telefonía fija (total),Variacion Trimestral,'Accesos telefonía fija (total)'
Buenos Aires,2014,1,,,4385408
Buenos Aires,2014,2,-0.13741024780362654,-0.13741024780362654,4379382
Buenos Aires,2014,3,0.6023680966857903,0.6023680966857903,4405762
Buenos Aires,2014,4,1.3023172835936236,1.3023172835936236,4463139
Buenos Aires,2015,1,7.59234700061997,7.59234700061997,4801996
Buenos Aires,2015,2,-2.8329886155673556,-2.8329886155673556,4665956
Buenos Aires,2015,3,1.0110682569659968,1.0110682569659968,4713132
Buenos Aires,2015,4,0.01604028913257949,0.01604028913257949,4713888
Buenos Aires,2016,1,3.3656718191013457,3.3656718191013457,4872542
Buenos Aires,2016,2,0.8941123544958574,0.8941123544958574,4916108
Buenos Aires,2016,3,-2.764809072542751,-2.764809072542751,4780187
Buenos Aires,2016,4,2.1270297584592424,2.1270297584592424,4881863
Buenos Aires,2017,1,-0.19093120802448071,-0.19093120802448071,4872542
Buenos Aires,2017,2,0.8941123544958574,0.8941123544958574,4916108
Buenos Aires,2017,3,-2.764809072542751,-2.764809072542751,4780187
Buenos Aires,2017,4,2.1270297584592424,2.1270297584592424,4881863
Buenos Aires,2018,1,-9.096977936496787,-9.096977936496787,4437761
Buenos Aires,2018,2,0.9046453831109913,0.9046453831109913,4477907
Buenos Aires,2018,3,0.3301765757975694,0.3301765757975694,4492692
Buenos Aires,2018,4,1.4657804274141206,1.4657804274141206,4558545
Buenos Aires,2019,1,-21.83565150722434,-21.83565150722434,3563157
Buenos Aires,2019,2,-6.023647007415056,-6.023647007415056,3348525
Buenos Aires,2019,3,1.983171695000041,1.983171695000041,3414932
Buenos Aires,2019,4,-1.944606803297988,-1.944606803297988,3348525
Buenos Aires,2020,1,-2.6059533675274915,-2.6059533675274915,3261264
Buenos Aires,2020,2,-0.8833078217525436,-0.8833078217525436,3232457
Buenos Aires,2020,3,0.026821702500612332,0.026821702500612332,3233324
Buenos Aires,2020,4,-0.026814510392403346,-0.026814510392403346,3232457
Buenos Aires,2021,1,-0.8877457611965123,-0.8877457611965123,3203761
Buenos Aires,2021,2,3.4212602001210346,3.4212602001210346,3313370
Buenos Aires,2021,3,-4.49246537513166,-4.49246537513166,3164518
Buenos Aires,2021,4,4.703781112953065,4.703781112953065,3313370
Buenos Aires,2022,1,0.8250512318274117,0.8250512318274117,3340707
Capital Federal,2014,1,,,1604914
Capital Federal,2014,2,-0.15134767345789113,-0.15134767345789113,1602485
Capital Federal,2014,3,0.28686695975312926,0.28686695975312926,1607082
Capital Federal,2014,4,0.5035212888950369,0.5035212888950369,1615174
Capital Federal,2015,1,1.1736196843188385,1.1736196843188385,1634130
Capital Federal,2015,2,1.255714049677814,1.255714049677814,1654650
Capital Federal,2015,3,-1.6471761399691753,-1.6471761399691753,1627395
Capital Federal,2015,4,-3.3780366782495963,-3.3780366782495963,1572421
Capital Federal,2016,1,2.313566150541102,2.313566150541102,1608800
Capital Federal,2016,2,-1.777784684236694,-1.777784684236694,1580199
Capital Federal,2016,3,1.5729031596653398,1.5729031596653398,1605054
Capital Federal,2016,4,0.8227760561327013,0.8227760561327013,1618260
Capital Federal,2017,1,-0.5845784978927959,-0.5845784978927959,1608800
Capital Federal,2017,2,-1.777784684236694,-1.777784684236694,1580199
Capital Federal,2017,3,1.5729031596653398,1.5729031596653398,1605054
Capital Federal,2017,4,0.8227760561327013,0.8227760561327013,1618260
Capital Federal,2018,1,7.03434553162039,7.03434553162039,1732094
Capital Federal,2018,2,0.6195391243200454,0.6195391243200454,1742825
Capital Federal,2018,3,1.876780514394727,1.876780514394727,1775534
Capital Federal,2018,4,-1.2485821167040445,-1.2485821167040445,1753365
Capital Federal,2019,1,-8.75841596016802,-8.75841596016802,1599798
Capital Federal,2019,2,-7.558891810091028,-7.558891810091028,1478871
Capital Federal,2019,3,1.2526447540049057,1.2526447540049057,1497396
Capital Federal,2019,4,-1.2371476883870414,-1.2371476883870414,1478871
Capital Federal,2020,1,-1.5332642265620144,-1.5332642265620144,1456196
Capital Federal,2020,2,-2.2190694109858855,-2.2190694109858855,1423882
Capital Federal,2020,3,0.6403620524734421,0.6403620524734421,1433000
Capital Federal,2020,4,-0.6362875087229547,-0.6362875087229547,1423882
Capital Federal,2021,1,-1.9843638728490154,-1.9843638728490154,1395627
Capital Federal,2021,2,3.1147290787581605,3.1147290787581605,1439097
Capital Federal,2021,3,-4.976176032609336,-4.976176032609336,1367485
Capital Federal,2021,4,5.236766765266165,5.236766765266165,1439097
Capital Federal,2022,1,4.790087117129693,4.790087117129693,1508031
Catamarca,2014,1,,,39318
Catamarca,2014,2,0.0839310239584945,0.0839310239584945,39351
Catamarca,2014,3,0.259205611039115,0.259205611039115,39453
Catamarca,2014,4,-0.07603984487871696,-0.07603984487871696,39423
Catamarca,2015,1,-0.7127818785987894,-0.7127818785987894,39142
Catamarca,2015,2,-0.002554800470078167,-0.002554800470078167,39141
Catamarca,2015,3,0.26059630566412917,0.26059630566412917,39243
Catamarca,2015,4,0.06370562902937582,0.06370562902937582,39268
Catamarca,2016,1,-1.5356015075888796,-1.5356015075888796,38665
Catamarca,2016,2,-0.29484029484029284,-0.29484029484029284,38551
Catamarca,2016,3,0.7496562994474765,0.7496562994474765,38840
Catamarca,2016,4,-0.45056642636457367,-0.45056642636457367,38665
Catamarca,2017,1,0.0,0.0,38665
Catamarca,2017,2,-0.29484029484029284,-0.29484029484029284,38551
Catamarca,2017,3,0.7496562994474765,0.7496562994474765,38840
Catamarca,2017,4,-0.45056642636457367,-0.45056642636457367,38665
Catamarca,2018,1,-0.7500323289796995,-0.7500323289796995,38375
Catamarca,2018,2,-0.5628664495114011,-0.5628664495114011,38159
Catamarca,2018,3,-0.7390130768626046,-0.7390130768626046,37877
Catamarca,2018,4,-2.39459302479077,-2.39459302479077,36970
Catamarca,2019,1,-2.1422775223153945,-2.1422775223153945,36178
Catamarca,2019,2,-14.000221128862844,-14.000221128862844,31113
Catamarca,2019,3,5.023623565712088,5.023623565712088,32676
Catamarca,2019,4,-4.783327212633126,-4.783327212633126,31113
Catamarca,2020,1,-4.4033040851091165,-4.4033040851091165,29743
Catamarca,2020,2,12.715596947180853,12.715596947180853,33525
Catamarca,2020,3,0.21178225205071843,0.21178225205071843,33596
Catamarca,2020,4,-0.21133468270032596,-0.21133468270032596,33525
Catamarca,2021,1,-20.665175242356447,-20.665175242356447,26597
Catamarca,2021,2,11.42234086551115,11.42234086551115,29635
Catamarca,2021,3,-16.709971317698667,-16.709971317698667,24683
Catamarca,2021,4,20.06239111939392,20.06239111939392,29635
Catamarca,2022,1,1.7951746245992828,1.7951746245992828,30167
Chaco,2014,1,,,102435
Chaco,2014,2,-0.12202860350466471,-0.12202860350466471,102310
Chaco,2014,3,3.4737562310624526,3.4737562310624526,105864
Chaco,2014,4,-0.45907957379278663,-0.45907957379278663,105378
Chaco,2015,1,-1.0704321585150556,-1.0704321585150556,104250
Chaco,2015,2,-0.006714628297366243,-0.006714628297366243,104243
Chaco,2015,3,2.8471935765471024,2.8471935765471024,107211
Chaco,2015,4,-3.5901166857878364,-3.5901166857878364,103362
Chaco,2016,1,-1.2432034983843154,-1.2432034983843154,102077
Chaco,2016,2,0.9061786690439666,0.9061786690439666,103002
Chaco,2016,3,-0.1728121784043024,-0.1728121784043024,102824
Chaco,2016,4,-0.7264840893176694,-0.7264840893176694,102077
Chaco,2017,1,0.0,0.0,102077
Chaco,2017,2,0.9061786690439666,0.9061786690439666,103002
Chaco,2017,3,-0.1728121784043024,-0.1728121784043024,102824
Chaco,2017,4,-0.7264840893176694,-0.7264840893176694,102077
Chaco,2018,1,-2.9781439501552764,-2.9781439501552764,99037
Chaco,2018,2,-1.0773751224289918,-1.0773751224289918,97970
Chaco,2018,3,-6.472389506991938,-6.472389506991938,91629
Chaco,2018,4,4.5018498510297045,4.5018498510297045,95754
Chaco,2019,1,-2.14194707270714,-2.14194707270714,93703
Chaco,2019,2,-7.230291452781657,-7.230291452781657,86928
Chaco,2019,3,1.5426559911650983,1.5426559911650983,88269
Chaco,2019,4,-1.5192196580906092,-1.5192196580906092,86928
Chaco,2020,1,-3.3211393337014505,-3.3211393337014505,84041
Chaco,2020,2,-3.484013755190918,-3.484013755190918,81113
Chaco,2020,3,1.7617397951006586,1.7617397951006586,82542
Chaco,2020,4,-1.7312398536502682,-1.7312398536502682,81113
Chaco,2021,1,-6.508204603454438,-6.508204603454438,75834
Chaco,2021,2,19.773452541076566,19.773452541076566,90829
Chaco,2021,3,-18.781446454326257,-18.781446454326257,73770
Chaco,2021,4,23.1245763860648,23.1245763860648,90829
Chaco,2022,1,-6.586002267998103,-6.586002267998103,84847
Chubut,2014,1,,,97607
Chubut,2014,2,-0.00409806673701274,-0.00409806673701274,97603
Chubut,2014,3,0.48256713420693487,0.48256713420693487,98074
Chubut,2014,4,1.5172216897444857,1.5172216897444857,99562
Chubut,2015,1,4.739760149454608,4.739760149454608,104281
Chubut,2015,2,3.1942539868240694,3.1942539868240694,107612
Chubut,2015,3,2.3129390774263126,2.3129390774263126,110101
Chubut,2015,4,0.8110734689058319,0.8110734689058319,110994
Chubut,2016,1,10.44921347099843,10.44921347099843,122592
Chubut,2016,2,-5.931055860088752,-5.931055860088752,115321
Chubut,2016,3,2.518188361183138,2.518188361183138,118225
Chubut,2016,4,3.693804186931704,3.693804186931704,122592
Chubut,2017,1,0.0,0.0,122592
Chubut,2017,2,-5.931055860088752,-5.931055860088752,115321
Chubut,2017,3,2.518188361183138,2.518188361183138,118225
Chubut,2017,4,3.693804186931704,3.693804186931704,122592
Chubut,2018,1,-7.026559645001306,-7.026559645001306,113978
Chubut,2018,2,2.6557756760076545,2.6557756760076545,117005
Chubut,2018,3,-0.02051194393402067,-0.02051194393402067,116981
Chubut,2018,4,0.4607585847274276,0.4607585847274276,117520
Chubut,2019,1,-24.465622872702518,-24.465622872702518,88768
Chubut,2019,2,-7.8677000720980494,-7.8677000720980494,81784
Chubut,2019,3,2.5958622713489143,2.5958622713489143,83907
Chubut,2019,4,-2.530182225559252,-2.530182225559252,81784
Chubut,2020,1,-3.780690599628289,-3.780690599628289,78692
Chubut,2020,2,-7.209119097239869,-7.209119097239869,73019
Chubut,2020,3,-0.094495953108098,-0.094495953108098,72950
Chubut,2020,4,0.09458533241946121,0.09458533241946121,73019
Chubut,2021,1,0.06710582177240632,0.06710582177240632,73068
Chubut,2021,2,-6.6499698910603815,-6.6499698910603815,68209
Chubut,2021,3,7.150082833643645,7.150082833643645,73086
Chubut,2021,4,-6.672960621733304,-6.672960621733304,68209
Chubut,2022,1,6.44049905437698,6.44049905437698,72602
Corrientes,2014,1,,,102607
Corrientes,2014,2,0.02046643991151509,0.02046643991151509,102628
Corrientes,2014,3,2.803328526328097,2.803328526328097,105505
Corrientes,2014,4,-0.27107720013269665,-0.27107720013269665,105219
Corrientes,2015,1,3.150571664813384,3.150571664813384,108534
Corrientes,2015,2,-0.0036854810474107325,-0.0036854810474107325,108530
Corrientes,2015,3,2.0989588132313663,2.0989588132313663,110808
Corrientes,2015,4,-2.8815608981300977,-2.8815608981300977,107615
Corrientes,2016,1,-5.172141430098032,-5.172141430098032,102049
Corrientes,2016,2,0.3870689570696362,0.3870689570696362,102444
Corrientes,2016,3,0.11128030924212329,0.11128030924212329,102558
Corrientes,2016,4,-0.4963045301195401,-0.4963045301195401,102049
Corrientes,2017,1,0.0,0.0,102049
Corrientes,2017,2,0.3870689570696362,0.3870689570696362,102444
Corrientes,2017,3,0.11128030924212329,0.11128030924212329,102558
Corrientes,2017,4,-0.4963045301195401,-0.4963045301195401,102049
Corrientes,2018,1,-2.4351047046026864,-2.4351047046026864,99564
Corrientes,2018,2,-0.5654654292716277,-0.5654654292716277,99001
Corrientes,2018,3,-4.234300663629664,-4.234300663629664,94809
Corrientes,2018,4,2.2276366167768957,2.2276366167768957,96921
Corrientes,2019,1,-1.9304381919295066,-1.9304381919295066,95050
Corrientes,2019,2,-5.3456075749605425,-5.3456075749605425,89969
Corrientes,2019,3,1.3215663172870595,1.3215663172870595,91158
Corrientes,2019,4,-1.3043287478882837,-1.3043287478882837,89969
Corrientes,2020,1,-2.578665984950368,-2.578665984950368,87649
Corrientes,2020,2,-2.658330385971319,-2.658330385971319,85319
Corrientes,2020,3,1.2072340275905757,1.2072340275905757,86349
Corrientes,2020,4,-1.1928337328747318,-1.1928337328747318,85319
Corrientes,2021,1,-7.582132936391661,-7.582132936391661,78850
Corrientes,2021,2,24.249841471147747,24.249841471147747,97971
Corrientes,2021,3,-20.33050596605118,-20.33050596605118,78053
Corrientes,2021,4,25.51855790296338,25.51855790296338,97971
Corrientes,2022,1,-9.204764675261046,-9.204764675261046,88953
Córdoba,2014,1,,,741515
Córdoba,2014,2,-0.5944586421043452,-0.5944586421043452,737107
Córdoba,2014,3,-0.5395417490269394,-0.5395417490269394,733130
Córdoba,2014,4,-0.16422735394814314,-0.16422735394814314,731926
Córdoba,2015,1,-0.38829061954350763,-0.38829061954350763,729084
Córdoba,2015,2,-0.6733106199011352,-0.6733106199011352,724175
Córdoba,2015,3,0.4951841750957975,0.4951841750957975,727761
Córdoba,2015,4,-0.8697910440378043,-0.8697910440378043,721431
Córdoba,2016,1,-2.5902685080069987,-2.5902685080069987,702744
Córdoba,2016,2,0.08224901244264782,0.08224901244264782,703322
Córdoba,2016,3,0.1579646307096949,0.1579646307096949,704433
Córdoba,2016,4,-0.018028684062221245,-0.018028684062221245,704306
Córdoba,2017,1,-0.22177860191451293,-0.22177860191451293,702744
Córdoba,2017,2,0.08224901244264782,0.08224901244264782,703322
Córdoba,2017,3,0.1579646307096949,0.1579646307096949,704433
Córdoba,2017,4,-0.018028684062221245,-0.018028684062221245,704306
Córdoba,2018,1,-1.7695433518953418,-1.7695433518953418,691843
Córdoba,2018,2,-1.1634142428267658,-1.1634142428267658,683794
Córdoba,2018,3,-1.336806114122091,-1.336806114122091,674653
Córdoba,2018,4,-0.5386472749695059,-0.5386472749695059,671019
Córdoba,2019,1,-2.2012789503724983,-2.2012789503724983,656248
Córdoba,2019,2,-7.897014543282421,-7.897014543282421,604424
Córdoba,2019,3,1.3139782669119748,1.3139782669119748,612366
Córdoba,2019,4,-1.2969367992344494,-1.2969367992344494,604424
Córdoba,2020,1,-5.0211440975209465,-5.0211440975209465,574075
Córdoba,2020,2,-6.788834211557726,-6.788834211557726,535102
Córdoba,2020,3,2.6688369694002345,2.6688369694002345,549383
Córdoba,2020,4,-2.5994615778063723,-2.5994615778063723,535102
Córdoba,2021,1,-2.1218384532294743,-2.1218384532294743,523748
Córdoba,2021,2,11.449590260965191,11.449590260965191,583715
Córdoba,2021,3,-17.079910572796653,-17.079910572796653,484017
Córdoba,2021,4,20.598036845813272,20.598036845813272,583715
Córdoba,2022,1,-0.6802977480448558,-0.6802977480448558,579744
Entre Ríos,2014,1,,,223508
Entre Ríos,2014,2,0.1190114000393816,0.1190114000393816,223774
Entre Ríos,2014,3,3.0338645240287176,3.0338645240287176,230563
Entre Ríos,2014,4,-0.22293256073177004,-0.22293256073177004,230049
Entre Ríos,2015,1,-0.09128490017343838,-0.09128490017343838,229839
Entre Ríos,2015,2,-0.006961394715432334,-0.006961394715432334,229823
Entre Ríos,2015,3,2.357901515514116,2.357901515514116,235242
Entre Ríos,2015,4,-2.746533357138603,-2.746533357138603,228781
Entre Ríos,2016,1,-2.471796171884899,-2.471796171884899,223126
Entre Ríos,2016,2,0.8475032044674258,0.8475032044674258,225017
Entre Ríos,2016,3,-0.13954501215464044,-0.13954501215464044,224703
Entre Ríos,2016,4,-0.7018152850651771,-0.7018152850651771,223126
Entre Ríos,2017,1,0.0,0.0,223126
Entre Ríos,2017,2,0.8475032044674258,0.8475032044674258,225017
Entre Ríos,2017,3,-0.13954501215464044,-0.13954501215464044,224703
Entre Ríos,2017,4,-0.7018152850651771,-0.7018152850651771,223126
Entre Ríos,2018,1,-3.3393687871426936,-3.3393687871426936,215675
Entre Ríos,2018,2,-0.9296395038831617,-0.9296395038831617,213670
Entre Ríos,2018,3,-6.304581831796696,-6.304581831796696,200199
Entre Ríos,2018,4,3.6004175845034236,3.6004175845034236,207407
Entre Ríos,2019,1,-1.7665748986292695,-1.7665748986292695,203743
Entre Ríos,2019,2,-6.002660214093247,-6.002660214093247,191513
Entre Ríos,2019,3,1.430712275406898,1.430712275406898,194253
Entre Ríos,2019,4,-1.4105316262811862,-1.4105316262811862,191513
Entre Ríos,2020,1,-2.4426540234866567,-2.4426540234866567,186835
Entre Ríos,2020,2,-4.199962533786494,-4.199962533786494,178988
Entre Ríos,2020,3,1.2939414932844562,1.2939414932844562,181304
Entre Ríos,2020,4,-1.277412522613952,-1.277412522613952,178988
Entre Ríos,2021,1,-5.889780320468407,-5.889780320468407,168446
Entre Ríos,2021,2,23.20625007420776,23.20625007420776,207536
Entre Ríos,2021,3,-20.96648292344461,-20.96648292344461,164023
Entre Ríos,2021,4,26.528596599257416,26.528596599257416,207536
Entre Ríos,2022,1,-8.618745663402972,-8.618745663402972,189649
Formosa,2014,1,,,42201
Formosa,2014,2,0.10663254425251623,0.10663254425251623,42246
Formosa,2014,3,0.15149363253326165,0.15149363253326165,42310
Formosa,2014,4,-0.418340817773577,-0.418340817773577,42133
Formosa,2015,1,-0.662188783139106,-0.662188783139106,41854
Formosa,2015,2,-0.014335547378985236,-0.014335547378985236,41848
Formosa,2015,3,-0.10753202064615053,-0.10753202064615053,41803
Formosa,2015,4,-0.5645527832930597,-0.5645527832930597,41567
Formosa,2016,1,-1.0296629537854596,-1.0296629537854596,41139
Formosa,2016,2,-0.9625902428352706,-0.9625902428352706,40743
Formosa,2016,3,1.2026605797314849,1.2026605797314849,41233
Formosa,2016,4,-0.22797274028084624,-0.22797274028084624,41139
Formosa,2017,1,0.0,0.0,41139
Formosa,2017,2,-0.9625902428352706,-0.9625902428352706,40743
Formosa,2017,3,1.2026605797314849,1.2026605797314849,41233
Formosa,2017,4,-0.22797274028084624,-0.22797274028084624,41139
Formosa,2018,1,-2.4988453778652886,-2.4988453778652886,40111
Formosa,2018,2,-0.9224402283662836,-0.9224402283662836,39741
Formosa,2018,3,-0.845474447044614,-0.845474447044614,39405
Formosa,2018,4,-1.7764243116355827,-1.7764243116355827,38705
Formosa,2019,1,-2.340782844593725,-2.340782844593725,37799
Formosa,2019,2,-6.561020132807749,-6.561020132807749,35319
Formosa,2019,3,1.831875194654442,1.831875194654442,35966
Formosa,2019,4,-1.7989212033587276,-1.7989212033587276,35319
Formosa,2020,1,-2.1433222911180994,-2.1433222911180994,34562
Formosa,2020,2,-1.4611422950060793,-1.4611422950060793,34057
Formosa,2020,3,2.3695569192823784,2.3695569192823784,34864
Formosa,2020,4,-2.314708581918312,-2.314708581918312,34057
Formosa,2021,1,-8.198020964853036,-8.198020964853036,31265
Formosa,2021,2,16.459299536222606,16.459299536222606,36411
Formosa,2021,3,-16.31375133888111,-16.31375133888111,30471
Formosa,2021,4,19.49394506251847,19.49394506251847,36411
Formosa,2022,1,-7.104995743044684,-7.104995743044684,33824
Jujuy,2014,1,,,55953
Jujuy,2014,2,0.4182081389737746,0.4182081389737746,56187
Jujuy,2014,3,0.3185790307366432,0.3185790307366432,56366
Jujuy,2014,4,0.15967072348579414,0.15967072348579414,56456
Jujuy,2015,1,-0.017712909168199342,-0.017712909168199342,56446
Jujuy,2015,2,-0.005314814158663417,-0.005314814158663417,56443
Jujuy,2015,3,0.6094644154279516,0.6094644154279516,56787
Jujuy,2015,4,0.29936429112296103,0.29936429112296103,56957
Jujuy,2016,1,-0.9463279315975237,-0.9463279315975237,56418
Jujuy,2016,2,-0.06558190648374707,-0.06558190648374707,56381
Jujuy,2016,3,0.3547294301271764,0.3547294301271764,56581
Jujuy,2016,4,-0.28808257188809305,-0.28808257188809305,56418
Jujuy,2017,1,0.0,0.0,56418
Jujuy,2017,2,-0.06558190648374707,-0.06558190648374707,56381
Jujuy,2017,3,0.3547294301271764,0.3547294301271764,56581
Jujuy,2017,4,-0.28808257188809305,-0.28808257188809305,56418
Jujuy,2018,1,-3.7470310893686465,-3.7470310893686465,54304
Jujuy,2018,2,-1.2190630524454904,-1.2190630524454904,53642
Jujuy,2018,3,-1.0886991536482649,-1.0886991536482649,53058
Jujuy,2018,4,-1.1798409287949063,-1.1798409287949063,52432
Jujuy,2019,1,-1.1595971925541626,-1.1595971925541626,51824
Jujuy,2019,2,-4.561593084285276,-4.561593084285276,49460
Jujuy,2019,3,1.3202587949858513,1.3202587949858513,50113
Jujuy,2019,4,-1.3030550954842068,-1.3030550954842068,49460
Jujuy,2020,1,-2.982207844723006,-2.982207844723006,47985
Jujuy,2020,2,-4.791080546003956,-4.791080546003956,45686
Jujuy,2020,3,1.411811058092205,1.411811058092205,46331
Jujuy,2020,4,-1.3921564395329211,-1.3921564395329211,45686
Jujuy,2021,1,-5.982138948474369,-5.982138948474369,42953
Jujuy,2021,2,3.0382045491583742,3.0382045491583742,44258
Jujuy,2021,3,-20.556735505445346,-20.556735505445346,35160
Jujuy,2021,4,25.87599544937429,25.87599544937429,44258
Jujuy,2022,1,10.056938858511465,10.056938858511465,48709
La Pampa,2014,1,,,72038
La Pampa,2014,2,1.1091368444432037,1.1091368444432037,72837
La Pampa,2014,3,-0.9363373010969678,-0.9363373010969678,72155
La Pampa,2014,4,1.2584020511399174,1.2584020511399174,73063
La Pampa,2015,1,5.1996222438169815,5.1996222438169815,76862
La Pampa,2015,2,1.618485077151255,1.618485077151255,78106
La Pampa,2015,3,0.6977696975904557,0.6977696975904557,78651
La Pampa,2015,4,1.3795120214618928,1.3795120214618928,79736
La Pampa,2016,1,4.55001504966388,4.55001504966388,83364
La Pampa,2016,2,-1.7093709514898525,-1.7093709514898525,81939
La Pampa,2016,3,1.0629858797398084,1.0629858797398084,82810
La Pampa,2016,4,0.6690013283419782,0.6690013283419782,83364
La Pampa,2017,1,0.0,0.0,83364
La Pampa,2017,2,-1.7093709514898525,-1.7093709514898525,81939
La Pampa,2017,3,1.0629858797398084,1.0629858797398084,82810
La Pampa,2017,4,0.6690013283419782,0.6690013283419782,83364
La Pampa,2018,1,-9.71042656302481,-9.71042656302481,75269
La Pampa,2018,2,0.5779271678911568,0.5779271678911568,75704
La Pampa,2018,3,0.005283736658556748,0.005283736658556748,75708
La Pampa,2018,4,0.993290008981873,0.993290008981873,76460
La Pampa,2019,1,-13.828145435521844,-13.828145435521844,65887
La Pampa,2019,2,8.26414922518859,8.26414922518859,71332
La Pampa,2019,3,-10.595525150002805,-10.595525150002805,63774
La Pampa,2019,4,11.851224636999413,11.851224636999413,71332
La Pampa,2020,1,-0.8397353221555548,-0.8397353221555548,70733
La Pampa,2020,2,-0.14844556289144162,-0.14844556289144162,70628
La Pampa,2020,3,-0.13025995355949727,-0.13025995355949727,70536
La Pampa,2020,4,0.13042985142339703,0.13042985142339703,70628
La Pampa,2021,1,0.7419153876649487,0.7419153876649487,71152
La Pampa,2021,2,0.8418596806835987,0.8418596806835987,71751
La Pampa,2021,3,-0.03205530236511933,-0.03205530236511933,71728
La Pampa,2021,4,0.0320655810841064,0.0320655810841064,71751
La Pampa,2022,1,0.419506348343579,0.419506348343579,72052
La Rioja,2014,1,,,39625
La Rioja,2014,2,-0.381072555205042,-0.381072555205042,39474
La Rioja,2014,3,-0.25586461974971275,-0.25586461974971275,39373
La Rioja,2014,4,-0.535900236202469,-0.535900236202469,39162
La Rioja,2015,1,-0.6639088912721469,-0.6639088912721469,38902
La Rioja,2015,2,0.0025705619248306277,0.0025705619248306277,38903
La Rioja,2015,3,-0.6477649538595975,-0.6477649538595975,38651
La Rioja,2015,4,-0.1992186489353398,-0.1992186489353398,38574
La Rioja,2016,1,-2.084305490745064,-2.084305490745064,37770
La Rioja,2016,2,0.26211278792691584,0.26211278792691584,37869
La Rioja,2016,3,0.3828989410863848,0.3828989410863848,38014
La Rioja,2016,4,-0.6418687851844074,-0.6418687851844074,37770
La Rioja,2017,1,0.0,0.0,37770
La Rioja,2017,2,0.26211278792691584,0.26211278792691584,37869
La Rioja,2017,3,0.3828989410863848,0.3828989410863848,38014
La Rioja,2017,4,-0.6418687851844074,-0.6418687851844074,37770
La Rioja,2018,1,-4.739211014032296,-4.739211014032296,35980
La Rioja,2018,2,-2.2512506948304645,-2.2512506948304645,35170
La Rioja,2018,3,-1.754336081887975,-1.754336081887975,34553
La Rioja,2018,4,-1.9940381443000588,-1.9940381443000588,33864
La Rioja,2019,1,-3.0533900307110784,-3.0533900307110784,32830
La Rioja,2019,2,-13.649101431617428,-13.649101431617428,28349
La Rioja,2019,3,4.225898620762636,4.225898620762636,29547
La Rioja,2019,4,-4.054557146241578,-4.054557146241578,28349
La Rioja,2020,1,-4.479875833362734,-4.479875833362734,27079
La Rioja,2020,2,8.224085084382725,8.224085084382725,29306
La Rioja,2020,3,0.3344025114311089,0.3344025114311089,29404
La Rioja,2020,4,-0.33328798802884085,-0.33328798802884085,29306
La Rioja,2021,1,-17.23879069132601,-17.23879069132601,24254
La Rioja,2021,2,10.352931475220583,10.352931475220583,26765
La Rioja,2021,3,-19.24528301886792,-19.24528301886792,21614
La Rioja,2021,4,23.83177570093458,23.83177570093458,26765
La Rioja,2022,1,2.761068559686164,2.761068559686164,27504
Mendoza,2014,1,,,320413
Mendoza,2014,2,-0.019350026372211282,-0.019350026372211282,320351
Mendoza,2014,3,-0.03839538506200668,-0.03839538506200668,320228
Mendoza,2014,4,2.313039459385191,2.313039459385191,327635
Mendoza,2015,1,3.497184366749595,3.497184366749595,339093
Mendoza,2015,2,3.312660538554324,3.312660538554324,350326
Mendoza,2015,3,2.297003362582273,2.297003362582273,358373
Mendoza,2015,4,0.7776813543431071,0.7776813543431071,361160
Mendoza,2016,1,5.526082622660322,5.526082622660322,381118
Mendoza,2016,2,-2.8985773434999085,-2.8985773434999085,370071
Mendoza,2016,3,2.0893288044726566,2.0893288044726566,377803
Mendoza,2016,4,0.8774414178817969,0.8774414178817969,381118
Mendoza,2017,1,0.0,0.0,381118
Mendoza,2017,2,-2.8985773434999085,-2.8985773434999085,370071
Mendoza,2017,3,2.0893288044726566,2.0893288044726566,377803
Mendoza,2017,4,0.8774414178817969,0.8774414178817969,381118
Mendoza,2018,1,-5.430863931905606,-5.430863931905606,360420
Mendoza,2018,2,0.009155984684539042,0.009155984684539042,360453
Mendoza,2018,3,0.0016645720801289343,0.0016645720801289343,360459
Mendoza,2018,4,0.06602692677946109,0.06602692677946109,360697
Mendoza,2019,1,-33.183253534129754,-33.183253534129754,241006
Mendoza,2019,2,-9.271553405309408,-9.271553405309408,218661
Mendoza,2019,3,3.204503775250278,3.204503775250278,225668
Mendoza,2019,4,-3.105003810908058,-3.105003810908058,218661
Mendoza,2020,1,-3.629362346280318,-3.629362346280318,210725
Mendoza,2020,2,-6.8036540514889055,-6.8036540514889055,196388
Mendoza,2020,3,-0.0025459804061322977,-0.0025459804061322977,196383
Mendoza,2020,4,0.0025460452279579826,0.0025460452279579826,196388
Mendoza,2021,1,-0.03717131392956263,-0.03717131392956263,196315
Mendoza,2021,2,4.180526195145551,4.180526195145551,204522
Mendoza,2021,3,-4.15309844417715,-4.15309844417715,196028
Mendoza,2021,4,4.333054461607522,4.333054461607522,204522
Mendoza,2022,1,-4.090024545036719,-4.090024545036719,196157
Misiones,2014,1,,,111018
Misiones,2014,2,-0.10088454124556057,-0.10088454124556057,110906
Misiones,2014,3,0.9846176040971599,0.9846176040971599,111998
Misiones,2014,4,-0.19107484062215185,-0.19107484062215185,111784
Misiones,2015,1,-1.1253846704358361,-1.1253846704358361,110526
Misiones,2015,2,0.0,0.0,110526
Misiones,2015,3,2.429292655121862,2.429292655121862,113211
Misiones,2015,4,-1.3055268480978044,-1.3055268480978044,111733
Misiones,2016,1,3.0930879865393335,3.0930879865393335,115189
Misiones,2016,2,-4.042052626552883,-4.042052626552883,110533
Misiones,2016,3,0.14203902906824162,0.14203902906824162,110690
Misiones,2016,4,4.064504471948682,4.064504471948682,115189
Misiones,2017,1,0.0,0.0,115189
Misiones,2017,2,-4.042052626552883,-4.042052626552883,110533
Misiones,2017,3,0.14203902906824162,0.14203902906824162,110690
Misiones,2017,4,4.064504471948682,4.064504471948682,115189
Misiones,2018,1,-10.236220472440948,-10.236220472440948,103398
Misiones,2018,2,4.541673920191891,4.541673920191891,108094
Misiones,2018,3,-3.885507058671156,-3.885507058671156,103894
Misiones,2018,4,0.3388068608389361,0.3388068608389361,104246
Misiones,2019,1,-2.469159488133832,-2.469159488133832,101672
Misiones,2019,2,-7.788771736564637,-7.788771736564637,93753
Misiones,2019,3,2.2527279127067867,2.2527279127067867,95865
Misiones,2019,4,-2.2030981067125643,-2.2030981067125643,93753
Misiones,2020,1,-3.11563363305708,-3.11563363305708,90832
Misiones,2020,2,-5.581733309846748,-5.581733309846748,85762
Misiones,2020,3,3.640306895827994,3.640306895827994,88884
Misiones,2020,4,-3.512443184375136,-3.512443184375136,85762
Misiones,2021,1,-4.297940812947454,-4.297940812947454,82076
Misiones,2021,2,20.15936449144695,20.15936449144695,98622
Misiones,2021,3,-20.030013587232055,-20.030013587232055,78868
Misiones,2021,4,25.046913830704476,25.046913830704476,98622
Misiones,2022,1,-7.390845855894224,-7.390845855894224,91333
Neuquén,2014,1,,,92732
Neuquén,2014,2,0.06470258378985516,0.06470258378985516,92792
Neuquén,2014,3,-0.018320544874561584,-0.018320544874561584,92775
Neuquén,2014,4,1.2147669091888913,1.2147669091888913,93902
Neuquén,2015,1,2.3396732763945494,2.3396732763945494,96099
Neuquén,2015,2,1.6743150292927167,1.6743150292927167,97708
Neuquén,2015,3,1.1012404306709689,1.1012404306709689,98784
Neuquén,2015,4,9.635163589245233,9.635163589245233,108302
Neuquén,2016,1,-5.961108751454269,-5.961108751454269,101846
Neuquén,2016,2,-2.837617579482743,-2.837617579482743,98956
Neuquén,2016,3,2.8244876510772565,2.8244876510772565,101751
Neuquén,2016,4,0.09336517577223091,0.09336517577223091,101846
Neuquén,2017,1,0.0,0.0,101846
Neuquén,2017,2,-2.837617579482743,-2.837617579482743,98956
Neuquén,2017,3,2.8244876510772565,2.8244876510772565,101751
Neuquén,2017,4,0.09336517577223091,0.09336517577223091,101846
Neuquén,2018,1,-4.545097500147277,-4.545097500147277,97217
Neuquén,2018,2,-0.0709752409557951,-0.0709752409557951,97148
Neuquén,2018,3,-0.014411001770497922,-0.014411001770497922,97134
Neuquén,2018,4,12.387011756954314,12.387011756954314,109166
Neuquén,2019,1,-23.491746514482536,-23.491746514482536,83521
Neuquén,2019,2,-5.457310137570193,-5.457310137570193,78963
Neuquén,2019,3,1.756518875929225,1.756518875929225,80350
Neuquén,2019,4,-1.7261978842563752,-1.7261978842563752,78963
Neuquén,2020,1,-1.8692298924812834,-1.8692298924812834,77487
Neuquén,2020,2,-3.7954753700620736,-3.7954753700620736,74546
Neuquén,2020,3,-0.0871944839427985,-0.0871944839427985,74481
Neuquén,2020,4,0.08727057907385039,0.08727057907385039,74546
Neuquén,2021,1,-0.1904864110750415,-0.1904864110750415,74404
Neuquén,2021,2,-2.4030966077092653,-2.4030966077092653,72616
Neuquén,2021,3,2.1854687672138384,2.1854687672138384,74203
Neuquén,2021,4,-2.1387275447084297,-2.1387275447084297,72616
Neuquén,2022,1,2.062906246557228,2.062906246557228,74114
Río Negro,2014,1,,,121289
Río Negro,2014,2,-0.03215460594118147,-0.03215460594118147,121250
Río Negro,2014,3,0.08247422680411898,0.08247422680411898,121350
Río Negro,2014,4,1.660486196950961,1.660486196950961,123365
Río Negro,2015,1,3.224577473351431,3.224577473351431,127343
Río Negro,2015,2,3.2047305309282903,3.2047305309282903,131424
Río Negro,2015,3,1.8497382517652872,1.8497382517652872,133855
Río Negro,2015,4,0.92637555563857,0.92637555563857,135095
Río Negro,2016,1,7.774529035123434,7.774529035123434,145598
Río Negro,2016,2,-3.1216088133078745,-3.1216088133078745,141053
Río Negro,2016,3,2.0098828100075794,2.0098828100075794,143888
Río Negro,2016,4,1.1884243300344766,1.1884243300344766,145598
Río Negro,2017,1,0.0,0.0,145598
Río Negro,2017,2,-3.1216088133078745,-3.1216088133078745,141053
Río Negro,2017,3,2.0098828100075794,2.0098828100075794,143888
Río Negro,2017,4,1.1884243300344766,1.1884243300344766,145598
Río Negro,2018,1,-3.9519773623264087,-3.9519773623264087,139844
Río Negro,2018,2,-0.062212179285492386,-0.062212179285492386,139757
Río Negro,2018,3,-0.03148321729860015,-0.03148321729860015,139713
Río Negro,2018,4,-0.014315060159042492,-0.014315060159042492,139693
Río Negro,2019,1,-28.147437595298264,-28.147437595298264,100373
Río Negro,2019,2,-9.225588554691,-9.225588554691,91113
Río Negro,2019,3,3.3957832581519742,3.3957832581519742,94207
Río Negro,2019,4,-3.2842570085025558,-3.2842570085025558,91113
Río Negro,2020,1,-3.1312765467057413,-3.1312765467057413,88260
Río Negro,2020,2,-4.245411284840239,-4.245411284840239,84513
Río Negro,2020,3,0.8590394377196331,0.8590394377196331,85239
Río Negro,2020,4,-0.8517228029423118,-0.8517228029423118,84513
Río Negro,2021,1,-2.1819128418113176,-2.1819128418113176,82669
Río Negro,2021,2,4.3764893732838095,4.3764893732838095,86287
Río Negro,2021,3,-2.970319978675817,-2.970319978675817,83724
Río Negro,2021,4,3.061248865319377,3.061248865319377,86287
Río Negro,2022,1,-3.73173247418499,-3.73173247418499,83067
Salta,2014,1,,,140841
Salta,2014,2,0.19951576600563126,0.19951576600563126,141122
Salta,2014,3,0.13463528011223858,0.13463528011223858,141312
Salta,2014,4,-0.0714730525362306,-0.0714730525362306,141211
Salta,2015,1,-0.18766243422962958,-0.18766243422962958,140946
Salta,2015,2,0.0063854242050132015,0.0063854242050132015,140955
Salta,2015,3,0.10641694157709214,0.10641694157709214,141105
Salta,2015,4,0.01842599482655416,0.01842599482655416,141131
Salta,2016,1,-1.2647823653201606,-1.2647823653201606,139346
Salta,2016,2,-0.09903405910467455,-0.09903405910467455,139208
Salta,2016,3,0.3699500028733871,0.3699500028733871,139723
Salta,2016,4,-0.2698195715809093,-0.2698195715809093,139346
Salta,2017,1,0.0,0.0,139346
Salta,2017,2,-0.09903405910467455,-0.09903405910467455,139208
Salta,2017,3,0.3699500028733871,0.3699500028733871,139723
Salta,2017,4,-0.2698195715809093,-0.2698195715809093,139346
Salta,2018,1,-3.8149641898583386,-3.8149641898583386,134030
Salta,2018,2,-1.5608445870327503,-1.5608445870327503,131938
Salta,2018,3,-1.781897557943879,-1.781897557943879,129587
Salta,2018,4,-2.539606596340682,-2.539606596340682,126296
Salta,2019,1,-2.6873376829036566,-2.6873376829036566,122902
Salta,2019,2,-9.787472945924392,-9.787472945924392,110873
Salta,2019,3,2.5560776744563585,2.5560776744563585,113707
Salta,2019,4,-2.4923707423465613,-2.4923707423465613,110873
Salta,2020,1,-3.036807879285308,-3.036807879285308,107506
Salta,2020,2,-5.484345059810614,-5.484345059810614,101610
Salta,2020,3,1.5244562543056839,1.5244562543056839,103159
Salta,2020,4,-1.5015655444508003,-1.5015655444508003,101610
Salta,2021,1,-5.310500934947349,-5.310500934947349,96214
Salta,2021,2,25.024424719895233,25.024424719895233,120291
Salta,2021,3,-22.007465230150213,-22.007465230150213,93818
Salta,2021,4,28.217399646123354,28.217399646123354,120291
Salta,2022,1,-9.299116309615851,-9.299116309615851,109105
San Juan,2014,1,,,92461
San Juan,2014,2,-0.023793815770978277,-0.023793815770978277,92439
San Juan,2014,3,0.6674671945823718,0.6674671945823718,93056
San Juan,2014,4,2.2341385832187033,2.2341385832187033,95135
San Juan,2015,1,3.3688968308193568,3.3688968308193568,98340
San Juan,2015,2,2.4761033150294987,2.4761033150294987,100775
San Juan,2015,3,2.511535599106929,2.511535599106929,103306
San Juan,2015,4,1.0464058234758822,1.0464058234758822,104387
San Juan,2016,1,9.317252148256006,9.317252148256006,114113
San Juan,2016,2,-5.971274087965439,-5.971274087965439,107299
San Juan,2016,3,4.7521412128724405,4.7521412128724405,112398
San Juan,2016,4,1.5258278617057197,1.5258278617057197,114113
San Juan,2017,1,0.0,0.0,114113
San Juan,2017,2,-5.971274087965439,-5.971274087965439,107299
San Juan,2017,3,4.7521412128724405,4.7521412128724405,112398
San Juan,2017,4,1.5258278617057197,1.5258278617057197,114113
San Juan,2018,1,0.9455539684347869,0.9455539684347869,115192
San Juan,2018,2,0.0,0.0,115192
San Juan,2018,3,0.0,0.0,115192
San Juan,2018,4,0.056427529689551115,0.056427529689551115,115257
San Juan,2019,1,-25.466566022020352,-25.466566022020352,85905
San Juan,2019,2,-6.26389616436761,-6.26389616436761,80524
San Juan,2019,3,2.4067358799860994,2.4067358799860994,82462
San Juan,2019,4,-2.3501734132085117,-2.3501734132085117,80524
San Juan,2020,1,-2.511052605434405,-2.511052605434405,78502
San Juan,2020,2,-4.668670861888868,-4.668670861888868,74837
San Juan,2020,3,0.009353661958666493,0.009353661958666493,74844
San Juan,2020,4,-0.009352787130567641,-0.009352787130567641,74837
San Juan,2021,1,0.0,0.0,74837
San Juan,2021,2,-10.965164290391115,-10.965164290391115,66631
San Juan,2021,3,12.315588840029413,12.315588840029413,74837
San Juan,2021,4,-10.965164290391115,-10.965164290391115,66631
San Juan,2022,1,12.222539058396231,12.222539058396231,74775
San Luis,2014,1,,,51097
San Luis,2014,2,-0.007828248233754387,-0.007828248233754387,51093
San Luis,2014,3,-0.6145655960699159,-0.6145655960699159,50779
San Luis,2014,4,0.9019476555268913,0.9019476555268913,51237
San Luis,2015,1,1.5652750941702376,1.5652750941702376,52039
San Luis,2015,2,1.577662906666144,1.577662906666144,52860
San Luis,2015,3,0.3953840332954872,0.3953840332954872,53069
San Luis,2015,4,-0.10740733761706034,-0.10740733761706034,53012
San Luis,2016,1,1.480796800724371,1.480796800724371,53797
San Luis,2016,2,-1.1506217818837428,-1.1506217818837428,53178
San Luis,2016,3,1.156493286697513,1.156493286697513,53793
San Luis,2016,4,0.0074359117357314375,0.0074359117357314375,53797
San Luis,2017,1,0.0,0.0,53797
San Luis,2017,2,-1.1506217818837428,-1.1506217818837428,53178
San Luis,2017,3,1.156493286697513,1.156493286697513,53793
San Luis,2017,4,0.0074359117357314375,0.0074359117357314375,53797
San Luis,2018,1,-17.603212075022768,-17.603212075022768,44327
San Luis,2018,2,-0.002255961377939375,-0.002255961377939375,44326
San Luis,2018,3,-0.047376257726838844,-0.047376257726838844,44305
San Luis,2018,4,16.98453899108452,16.98453899108452,51830
San Luis,2019,1,-17.213968743970675,-17.213968743970675,42908
San Luis,2019,2,-11.918523352288613,-11.918523352288613,37794
San Luis,2019,3,3.9159654971688607,3.9159654971688607,39274
San Luis,2019,4,-3.768396394561291,-3.768396394561291,37794
San Luis,2020,1,-3.8630470445044196,-3.8630470445044196,36334
San Luis,2020,2,-5.237518577640776,-5.237518577640776,34431
San Luis,2020,3,0.014521797217614818,0.014521797217614818,34436
San Luis,2020,4,-0.01451968869787823,-0.01451968869787823,34431
San Luis,2021,1,0.0,0.0,34431
San Luis,2021,2,-4.098051174813399,-4.098051174813399,33020
San Luis,2021,3,4.2731677771047805,4.2731677771047805,34431
San Luis,2021,4,-4.098051174813399,-4.098051174813399,33020
San Luis,2022,1,4.173228346456703,4.173228346456703,34398
Santa Cruz,2014,1,,,40625
Santa Cruz,2014,2,0.2535384615384606,0.2535384615384606,40728
Santa Cruz,2014,3,0.7046749165193544,0.7046749165193544,41015
Santa Cruz,2014,4,1.2385712544191074,1.2385712544191074,41523
Santa Cruz,2015,1,38.92300652650338,38.92300652650338,57685
Santa Cruz,2015,2,2.101066135043772,2.101066135043772,58897
Santa Cruz,2015,3,1.8812503183523788,1.8812503183523788,60005
Santa Cruz,2015,4,-11.795683693025582,-11.795683693025582,52927
Santa Cruz,2016,1,-10.75821414400967,-10.75821414400967,47233
Santa Cruz,2016,2,-6.307031101136918,-6.307031101136918,44254
Santa Cruz,2016,3,1.0710896190174957,1.0710896190174957,44728
Santa Cruz,2016,4,5.600518690752998,5.600518690752998,47233
Santa Cruz,2017,1,0.0,0.0,47233
Santa Cruz,2017,2,-6.307031101136918,-6.307031101136918,44254
Santa Cruz,2017,3,1.0710896190174957,1.0710896190174957,44728
Santa Cruz,2017,4,5.600518690752998,5.600518690752998,47233
Santa Cruz,2018,1,-6.408654965807803,-6.408654965807803,44206
Santa Cruz,2018,2,0.11763109080216161,0.11763109080216161,44258
Santa Cruz,2018,3,-0.13556871074156263,-0.13556871074156263,44198
Santa Cruz,2018,4,0.1787411195076638,0.1787411195076638,44277
Santa Cruz,2019,1,-22.82449127086298,-22.82449127086298,34171
Santa Cruz,2019,2,-11.009335401363728,-11.009335401363728,30409
Santa Cruz,2019,3,5.307639185767377,5.307639185767377,32023
Santa Cruz,2019,4,-5.0401274084251995,-5.0401274084251995,30409
Santa Cruz,2020,1,-3.449636620737284,-3.449636620737284,29360
Santa Cruz,2020,2,-7.224114441416896,-7.224114441416896,27239
Santa Cruz,2020,3,0.1468482690260231,0.1468482690260231,27279
Santa Cruz,2020,4,-0.14663294109021896,-0.14663294109021896,27239
Santa Cruz,2021,1,-1.1344028782260707,-1.1344028782260707,26930
Santa Cruz,2021,2,3.007797994801331,3.007797994801331,27740
Santa Cruz,2021,3,-2.808219178082194,-2.808219178082194,26961
Santa Cruz,2021,4,2.889358703312195,2.889358703312195,27740
Santa Cruz,2022,1,-2.826243691420327,-2.826243691420327,26956
Santa Fe,2014,1,,,770361
Santa Fe,2014,2,-0.33672524959077466,-0.33672524959077466,767767
Santa Fe,2014,3,0.6482435426372835,0.6482435426372835,772744
Santa Fe,2014,4,-0.29621711718240684,-0.29621711718240684,770455
Santa Fe,2015,1,-0.5125542698794838,-0.5125542698794838,766506
Santa Fe,2015,2,-0.2622288670930173,-0.2622288670930173,764496
Santa Fe,2015,3,0.3090925263179889,0.3090925263179889,766859
Santa Fe,2015,4,-1.1236746259742691,-1.1236746259742691,758242
Santa Fe,2016,1,-2.161051484882137,-2.161051484882137,741856
Santa Fe,2016,2,-0.0017523616443138046,-0.0017523616443138046,741843
Santa Fe,2016,3,-0.24857011524002104,-0.24857011524002104,739999
Santa Fe,2016,4,0.3979735107750182,0.3979735107750182,742944
Santa Fe,2017,1,-0.14644441572985167,-0.14644441572985167,741856
Santa Fe,2017,2,-0.0017523616443138046,-0.0017523616443138046,741843
Santa Fe,2017,3,-0.24857011524002104,-0.24857011524002104,739999
Santa Fe,2017,4,0.3979735107750182,0.3979735107750182,742944
Santa Fe,2018,1,-7.2572091570831665,-7.2572091570831665,689027
Santa Fe,2018,2,-0.5343767370509456,-0.5343767370509456,685345
Santa Fe,2018,3,-1.8564372688208097,-1.8564372688208097,672622
Santa Fe,2018,4,3.714419094231225,3.714419094231225,697606
Santa Fe,2019,1,-1.78152137452946,-1.78152137452946,685178
Santa Fe,2019,2,-6.147015811949597,-6.147015811949597,643060
Santa Fe,2019,3,0.76275930706311,0.76275930706311,647965
Santa Fe,2019,4,-0.756985330997817,-0.756985330997817,643060
Santa Fe,2020,1,-2.876403446023701,-2.876403446023701,624563
Santa Fe,2020,2,-5.153843567422345,-5.153843567422345,592374
Santa Fe,2020,3,5.40283672139561,5.40283672139561,624379
Santa Fe,2020,4,-5.1258930873716135,-5.1258930873716135,592374
Santa Fe,2021,1,-3.757085895059542,-3.757085895059542,570118
Santa Fe,2021,2,15.028116986308104,15.028116986308104,655796
Santa Fe,2021,3,-17.685682742804165,-17.685682742804165,539814
Santa Fe,2021,4,21.48554872604267,21.48554872604267,655796
Santa Fe,2022,1,-4.069100756942712,-4.069100756942712,629111
Santiago del Estero,2014,1,,,70717
Santiago del Estero,2014,2,-0.14282280074098264,-0.14282280074098264,70616
Santiago del Estero,2014,3,0.1458592953438309,0.1458592953438309,70719
Santiago del Estero,2014,4,-0.27715324028902977,-0.27715324028902977,70523
Santiago del Estero,2015,1,-0.5983863420444435,-0.5983863420444435,70101
Santiago del Estero,2015,2,0.0014265131738522285,0.0014265131738522285,70102
Santiago del Estero,2015,3,-1.3366237767823974,-1.3366237767823974,69165
Santiago del Estero,2015,4,-0.9166485939420266,-0.9166485939420266,68531
Santiago del Estero,2016,1,-5.9097342808364095,-5.9097342808364095,64481
Santiago del Estero,2016,2,2.392952962888284,2.392952962888284,66024
Santiago del Estero,2016,3,-0.7315521628498689,-0.7315521628498689,65541
Santiago del Estero,2016,4,-1.617308249797833,-1.617308249797833,64481
Santiago del Estero,2017,1,0.0,0.0,64481
Santiago del Estero,2017,2,2.392952962888284,2.392952962888284,66024
Santiago del Estero,2017,3,-0.7315521628498689,-0.7315521628498689,65541
Santiago del Estero,2017,4,-1.617308249797833,-1.617308249797833,64481
Santiago del Estero,2018,1,-11.383198151393437,-11.383198151393437,57141
Santiago del Estero,2018,2,-3.3828599429481465,-3.3828599429481465,55208
Santiago del Estero,2018,3,-2.7912621359223344,-2.7912621359223344,53667
Santiago del Estero,2018,4,38.20038384854752,38.20038384854752,74168
Santiago del Estero,2019,1,-1.7285082515370531,-1.7285082515370531,72886
Santiago del Estero,2019,2,-6.147957083664901,-6.147957083664901,68405
Santiago del Estero,2019,3,1.4121774724069835,1.4121774724069835,69371
Santiago del Estero,2019,4,-1.3925127214542088,-1.3925127214542088,68405
Santiago del Estero,2020,1,-1.7074775235728423,-1.7074775235728423,67237
Santiago del Estero,2020,2,-1.3370614393860558,-1.3370614393860558,66338
Santiago del Estero,2020,3,0.0,0.0,66338
Santiago del Estero,2020,4,0.0,0.0,66338
Santiago del Estero,2021,1,-6.302571678374392,-6.302571678374392,62157
Santiago del Estero,2021,2,7.22686101324066,7.22686101324066,66649
Santiago del Estero,2021,3,-13.913186994553561,-13.913186994553561,57376
Santiago del Estero,2021,4,16.161809815950924,16.161809815950924,66649
Santiago del Estero,2022,1,1.309847109484008,1.309847109484008,67522
Tierra del Fuego,2014,1,,,32631
Tierra del Fuego,2014,2,0.0,0.0,32631
Tierra del Fuego,2014,3,0.20532622352977814,0.20532622352977814,32698
Tierra del Fuego,2014,4,0.6544742797724545,0.6544742797724545,32912
Tierra del Fuego,2015,1,1.5526251823043236,1.5526251823043236,33423
Tierra del Fuego,2015,2,2.282859108996793,2.282859108996793,34186
Tierra del Fuego,2015,3,2.825718130228738,2.825718130228738,35152
Tierra del Fuego,2015,4,1.0696404187528374,1.0696404187528374,35528
Tierra del Fuego,2016,1,9.637469038504843,9.637469038504843,38952
Tierra del Fuego,2016,2,-2.505647976997327,-2.505647976997327,37976
Tierra del Fuego,2016,3,2.2092900779439706,2.2092900779439706,38815
Tierra del Fuego,2016,4,0.35295633131522397,0.35295633131522397,38952
Tierra del Fuego,2017,1,0.0,0.0,38952
Tierra del Fuego,2017,2,-2.505647976997327,-2.505647976997327,37976
Tierra del Fuego,2017,3,2.2092900779439706,2.2092900779439706,38815
Tierra del Fuego,2017,4,0.35295633131522397,0.35295633131522397,38952
Tierra del Fuego,2018,1,-14.325323475046215,-14.325323475046215,33372
Tierra del Fuego,2018,2,0.0,0.0,33372
Tierra del Fuego,2018,3,0.0,0.0,33372
Tierra del Fuego,2018,4,0.0,0.0,33372
Tierra del Fuego,2019,1,-24.544528347117346,-24.544528347117346,25181
Tierra del Fuego,2019,2,-3.566180850641354,-3.566180850641354,24283
Tierra del Fuego,2019,3,3.5415722933739735,3.5415722933739735,25143
Tierra del Fuego,2019,4,-3.420435111164144,-3.420435111164144,24283
Tierra del Fuego,2020,1,-3.018572664003627,-3.018572664003627,23550
Tierra del Fuego,2020,2,-8.39490445859873,-8.39490445859873,21573
Tierra del Fuego,2020,3,0.0,0.0,21573
Tierra del Fuego,2020,4,0.0,0.0,21573
Tierra del Fuego,2021,1,0.0,0.0,21573
Tierra del Fuego,2021,2,-12.218977425485555,-12.218977425485555,18937
Tierra del Fuego,2021,3,13.919839467708716,13.919839467708716,21573
Tierra del Fuego,2021,4,-12.218977425485555,-12.218977425485555,18937
Tierra del Fuego,2022,1,13.919839467708716,13.919839467708716,21573
Tucumán,2014,1,,,210917
Tucumán,2014,2,0.4722236709226779,0.4722236709226779,211913
Tucumán,2014,3,0.4931268964150304,0.4931268964150304,212958
Tucumán,2014,4,0.015026437137843907,0.015026437137843907,212990
Tucumán,2015,1,-0.3403915676792324,-0.3403915676792324,212265
Tucumán,2015,2,-0.039102065813956255,-0.039102065813956255,212182
Tucumán,2015,3,0.612210272313396,0.612210272313396,213481
Tucumán,2015,4,0.1105484797241818,0.1105484797241818,213717
Tucumán,2016,1,-1.0088107169761829,-1.0088107169761829,211561
Tucumán,2016,2,-0.630078322564176,-0.630078322564176,210228
Tucumán,2016,3,0.6274140457027677,0.6274140457027677,211547
Tucumán,2016,4,0.006617914695072891,0.006617914695072891,211561
Tucumán,2017,1,0.0,0.0,211561
Tucumán,2017,2,-0.630078322564176,-0.630078322564176,210228
Tucumán,2017,3,0.6274140457027677,0.6274140457027677,211547
Tucumán,2017,4,0.006617914695072891,0.006617914695072891,211561
Tucumán,2018,1,1.5097300542160408,1.5097300542160408,214755
Tucumán,2018,2,-0.21280063327978604,-0.21280063327978604,214298
Tucumán,2018,3,-0.25711859186740016,-0.25711859186740016,213747
Tucumán,2018,4,-1.5911334428085566,-1.5911334428085566,210346
Tucumán,2019,1,-1.726203493292,-1.726203493292,206715
Tucumán,2019,2,-9.348136322956723,-9.348136322956723,187391
Tucumán,2019,3,2.618055296145494,2.618055296145494,192297
Tucumán,2019,4,-2.55126185015887,-2.55126185015887,187391
Tucumán,2020,1,-2.65060755319092,-2.65060755319092,182424
Tucumán,2020,2,-0.5925755383063613,-0.5925755383063613,181343
Tucumán,2020,3,0.3440993035297657,0.3440993035297657,181967
Tucumán,2020,4,-0.34291932053613916,-0.34291932053613916,181343
Tucumán,2021,1,-10.01306915623983,-10.01306915623983,163185
Tucumán,2021,2,1.5424211784171415,1.5424211784171415,165702
Tucumán,2021,3,-19.698012094000074,-19.698012094000074,133062
Tucumán,2021,4,24.52991838391125,24.52991838391125,165702
Tucumán,2022,1,11.665520029933262,11.665520029933262,185032
