Provincia,Año,Trimestre,Accesos TV por suscripción,Variacion Trimestral
Buenos Aires,2014,1,2363240,
Buenos Aires,2014,2,2477696,4.843181395033946
Buenos Aires,2014,3,2479337,0.06623088546779954
Buenos Aires,2014,4,2492829,0.5441777378387913
Buenos Aires,2015,1,2502399,0.38390118215088087
Buenos Aires,2015,2,2522599,0.8072253865190948
Buenos Aires,2015,3,2505777,-0.6668519253357319
Buenos Aires,2015,4,2504956,-0.03276428828263844
Buenos Aires,2016,1,2503121,-0.07325477972467409
Buenos Aires,2016,2,2516810,0.546877278405633
Buenos Aires,2016,3,2521023,0.16739443978688318
Buenos Aires,2016,4,2535921,0.5909505783961544
Buenos Aires,2017,1,2572848,1.45615734875022
Buenos Aires,2017,2,2580455,0.2956645709346173
Buenos Aires,2017,3,2571840,-0.3338558510030176
Buenos Aires,2017,4,2656799,3.3034325619011984
Buenos Aires,2018,1,2654174,-0.09880310855281405
Buenos Aires,2018,2,2662857,0.3271450929743125
Buenos Aires,2018,3,2698193,1.3269957793452747
Buenos Aires,2018,4,2670842,-1.013678413664254
Buenos Aires,2019,1,2687325,0.6171462033321307
Buenos Aires,2019,2,2687146,-0.006660898849231156
Buenos Aires,2019,3,2737691,1.880991952056199
Buenos Aires,2019,4,2824205,3.160108281029528
Buenos Aires,2020,1,2955174,4.637375827887857
Buenos Aires,2020,2,2915498,-1.3425943785374428
Buenos Aires,2020,3,2952288,1.2618770446764183
Buenos Aires,2020,4,2973620,0.7225582328011404
Buenos Aires,2021,1,2924732,-1.644056738924271
Buenos Aires,2021,2,2933650,0.3049168265673474
Buenos Aires,2021,3,2976570,1.4630238781040639
Buenos Aires,2021,4,3002329,0.8653920452063923
Buenos Aires,2022,1,2975672,-0.8878773778623228
Buenos Aires,2022,2,2994210,0.6229853290282028
Capital Federal,2014,1,691440,
Capital Federal,2014,2,692311,0.12596899224806002
Capital Federal,2014,3,689381,-0.42322020017016015
Capital Federal,2014,4,690404,0.14839399403232534
Capital Federal,2015,1,690175,-0.033168985115961114
Capital Federal,2015,2,693278,0.44959611692687584
Capital Federal,2015,3,715814,3.250644041784101
Capital Federal,2015,4,716866,0.14696555250386378
Capital Federal,2016,1,720018,0.43969165785515685
Capital Federal,2016,2,717928,-0.29027052101475714
Capital Federal,2016,3,716755,-0.16338685773503725
Capital Federal,2016,4,712478,-0.596717148816539
Capital Federal,2017,1,708805,-0.5155246898851606
Capital Federal,2017,2,708949,0.020315883776222954
Capital Federal,2017,3,707800,-0.16207089649608042
Capital Federal,2017,4,740372,4.601864933597066
Capital Federal,2018,1,741516,0.15451691852204075
Capital Federal,2018,2,742742,0.16533695833940154
Capital Federal,2018,3,755552,1.7246904039356803
Capital Federal,2018,4,750996,-0.6030028376604157
Capital Federal,2019,1,789185,5.085113635758387
Capital Federal,2019,2,810521,2.7035485976038665
Capital Federal,2019,3,862488,6.411555036822003
Capital Federal,2019,4,896441,3.9366344807116205
Capital Federal,2020,1,741539,-17.27966480783454
Capital Federal,2020,2,738178,-0.4532465588458545
Capital Federal,2020,3,741443,0.44230524345076905
Capital Federal,2020,4,757638,2.184254217788828
Capital Federal,2021,1,740825,-2.2191336759771807
Capital Federal,2021,2,741498,0.09084466641919864
Capital Federal,2021,3,745558,0.5475402496028403
Capital Federal,2021,4,746094,0.07189246175347552
Capital Federal,2022,1,745263,-0.11138006739097595
Capital Federal,2022,2,745194,-0.00925847653781009
Catamarca,2014,1,18239,
Catamarca,2014,2,27382,50.12884478315698
Catamarca,2014,3,27544,0.5916295376524827
Catamarca,2014,4,28249,2.5595410978797473
Catamarca,2015,1,28098,-0.5345321958299398
Catamarca,2015,2,28518,1.4947683109117982
Catamarca,2015,3,29089,2.00224419664774
Catamarca,2015,4,29356,0.9178727353982508
Catamarca,2016,1,29207,-0.5075623381932126
Catamarca,2016,2,29641,1.4859451501352483
Catamarca,2016,3,29763,0.4115920515502136
Catamarca,2016,4,30124,1.212915364714573
Catamarca,2017,1,29655,-1.5568981542955829
Catamarca,2017,2,40448,36.39521160006745
Catamarca,2017,3,40773,0.8035007911392444
Catamarca,2017,4,29391,-27.91553233757633
Catamarca,2018,1,89005,202.8307985437719
Catamarca,2018,2,78493,-11.810572439750578
Catamarca,2018,3,83185,5.977603098365458
Catamarca,2018,4,33545,-59.674220111799
Catamarca,2019,1,33116,-1.2788791176032155
Catamarca,2019,2,33085,-0.09361033941297503
Catamarca,2019,3,40830,23.40940003022518
Catamarca,2019,4,41031,0.49228508449670194
Catamarca,2020,1,39338,-4.126148521849338
Catamarca,2020,2,40214,2.226854440998527
Catamarca,2020,3,40786,1.4223902123638554
Catamarca,2020,4,42098,3.216790075025755
Catamarca,2021,1,42761,1.5748966696755184
Catamarca,2021,2,42816,0.1286218750730761
Catamarca,2021,3,43542,1.6956278026905913
Catamarca,2021,4,44924,3.173946993707233
Catamarca,2022,1,47123,4.894933665746604
Catamarca,2022,2,52137,10.640239373554316
Chaco,2014,1,88112,
Chaco,2014,2,85726,-2.7079171962956283
Chaco,2014,3,85608,-0.13764785479317698
Chaco,2014,4,91003,6.3019811232595035
Chaco,2015,1,91617,0.6747030317681757
Chaco,2015,2,91438,-0.1953785869434732
Chaco,2015,3,92709,1.39001290491918
Chaco,2015,4,90819,-2.038637025531498
Chaco,2016,1,91403,0.6430372499146575
Chaco,2016,2,94320,3.1913613338730773
Chaco,2016,3,90191,-4.377650551314671
Chaco,2016,4,88363,-2.0268097703762034
Chaco,2017,1,87920,-0.5013410590405498
Chaco,2017,2,91455,4.0207006369426646
Chaco,2017,3,90293,-1.2705702257941098
Chaco,2017,4,101423,12.326536940848133
Chaco,2018,1,109742,8.20228153377438
Chaco,2018,2,108493,-1.1381239634779772
Chaco,2018,3,99165,-8.597789719152383
Chaco,2018,4,99927,0.7684162759038049
Chaco,2019,1,107090,7.168232809951269
Chaco,2019,2,108529,1.3437295732561472
Chaco,2019,3,111542,2.7762164951303347
Chaco,2019,4,114313,2.484266016388448
Chaco,2020,1,114564,0.21957257704723343
Chaco,2020,2,117601,2.650920009776203
Chaco,2020,3,119932,1.9821260023299203
Chaco,2020,4,118021,-1.5934029283260487
Chaco,2021,1,118321,0.2541920505672701
Chaco,2021,2,117259,-0.8975583370661178
Chaco,2021,3,115548,-1.4591630493181795
Chaco,2021,4,117381,1.5863537231280533
Chaco,2022,1,119743,2.0122507049692873
Chaco,2022,2,122109,1.9758983823689125
Chubut,2014,1,68671,
Chubut,2014,2,68578,-0.13542834675481785
Chubut,2014,3,68472,-0.1545685205167846
Chubut,2014,4,68381,-0.13290103984110457
Chubut,2015,1,68561,0.2632310144630834
Chubut,2015,2,68762,0.2931695862079087
Chubut,2015,3,68820,0.08434891364417219
Chubut,2015,4,68847,0.039232781168263564
Chubut,2016,1,68242,-0.8787601493166042
Chubut,2016,2,72833,6.727528501509328
Chubut,2016,3,72693,-0.19222055936183313
Chubut,2016,4,72721,0.03851815167896788
Chubut,2017,1,72838,0.16088887666561025
Chubut,2017,2,72663,-0.24025920535983847
Chubut,2017,3,70166,-3.4364119290422934
Chubut,2017,4,71048,1.2570190690647909
Chubut,2018,1,72825,2.501125999324394
Chubut,2018,2,74729,2.6144867833848284
Chubut,2018,3,89855,20.241137978562527
Chubut,2018,4,90602,0.8313393801123947
Chubut,2019,1,90677,0.0827796295887584
Chubut,2019,2,87680,-3.305138017358311
Chubut,2019,3,70308,-19.81295620437956
Chubut,2019,4,69894,-0.588837685611876
Chubut,2020,1,67422,-3.5367842733281862
Chubut,2020,2,64113,-4.90789356589837
Chubut,2020,3,65855,2.7170776597569946
Chubut,2020,4,73236,11.20795687495255
Chubut,2021,1,73129,-0.14610300944890575
Chubut,2021,2,73909,1.066608322279805
Chubut,2021,3,74721,1.098648337820829
Chubut,2021,4,76640,2.5682204467284864
Chubut,2022,1,77728,1.4196242171190088
Chubut,2022,2,79115,1.7844277480444592
Corrientes,2014,1,61056,
Corrientes,2014,2,88423,44.822785639413
Corrientes,2014,3,89802,1.5595489861235157
Corrientes,2014,4,91210,1.5678938108282692
Corrientes,2015,1,90410,-0.8770968095603515
Corrientes,2015,2,91645,1.3659993363565937
Corrientes,2015,3,92364,0.7845490752359741
Corrientes,2015,4,94401,2.2054047031310864
Corrientes,2016,1,92425,-2.0931981652736686
Corrientes,2016,2,92714,0.31268596159048645
Corrientes,2016,3,92783,0.07442241732640298
Corrientes,2016,4,93490,0.7619930375176498
Corrientes,2017,1,93332,-0.16900203230292288
Corrientes,2017,2,93029,-0.3246474949642142
Corrientes,2017,3,93730,0.7535284696170041
Corrientes,2017,4,105842,12.922223407660294
Corrientes,2018,1,105865,0.021730503958727887
Corrientes,2018,2,100369,-5.191517498701181
Corrientes,2018,3,101211,0.8389044426067915
Corrientes,2018,4,102243,1.0196520141091403
Corrientes,2019,1,101354,-0.8694971782909344
Corrientes,2019,2,108390,6.942005248929495
Corrientes,2019,3,109035,0.5950733462496638
Corrientes,2019,4,109763,0.6676755170358151
Corrientes,2020,1,110100,0.3070251359747811
Corrientes,2020,2,111516,1.2861035422343292
Corrientes,2020,3,114038,2.261558879443304
Corrientes,2020,4,111852,-1.9169048913520004
Corrientes,2021,1,113093,1.109501841719407
Corrientes,2021,2,112659,-0.3837549627297876
Corrientes,2021,3,115700,2.6992961059480347
Corrientes,2021,4,116488,0.6810717372515152
Corrientes,2022,1,131173,12.606448732916697
Corrientes,2022,2,132406,0.939980026377385
Córdoba,2014,1,511023,
Córdoba,2014,2,974174,90.63212419010496
Córdoba,2014,3,975850,0.17204318735666302
Córdoba,2014,4,976250,0.04098990623560006
Córdoba,2015,1,974705,-0.15825864276568513
Córdoba,2015,2,979028,0.4435188082547947
Córdoba,2015,3,986247,0.7373639977610535
Córdoba,2015,4,994334,0.8199771456846028
Córdoba,2016,1,998906,0.45980525658380067
Córdoba,2016,2,1005624,0.6725357541150112
Córdoba,2016,3,1011257,0.560149717986036
Córdoba,2016,4,1009280,-0.19549926477641089
Córdoba,2017,1,1022544,1.3142041851617048
Córdoba,2017,2,1019606,-0.287322599320905
Córdoba,2017,3,1024289,0.45929506103337125
Córdoba,2017,4,1040718,1.6039418562534546
Córdoba,2018,1,1104478,6.1265395621100005
Córdoba,2018,2,1114481,0.9056767088162943
Córdoba,2018,3,1077148,-3.349810360158678
Córdoba,2018,4,1056763,-1.892497595502196
Córdoba,2019,1,1057252,0.0462733839091678
Córdoba,2019,2,1063751,0.6147068059459748
Córdoba,2019,3,1104134,3.7962831527302843
Córdoba,2019,4,1113585,0.8559649462837049
Córdoba,2020,1,1062830,-4.557802053727378
Córdoba,2020,2,1098162,3.3243322074085313
Córdoba,2020,3,1093908,-0.38737454036835706
Córdoba,2020,4,1073026,-1.9089356691787573
Córdoba,2021,1,1085427,1.1557035896613943
Córdoba,2021,2,1072980,-1.1467376433422105
Córdoba,2021,3,1105454,3.0265242595388653
Córdoba,2021,4,1118579,1.1872949937310917
Córdoba,2022,1,1124246,0.5066249232284825
Córdoba,2022,2,1141123,1.5011839045902864
Entre Ríos,2014,1,109137,
Entre Ríos,2014,2,148123,35.7220740903635
Entre Ríos,2014,3,150597,1.6702335221403741
Entre Ríos,2014,4,151868,0.8439743155574053
Entre Ríos,2015,1,151985,0.07704058787894041
Entre Ríos,2015,2,153882,1.2481494884363675
Entre Ríos,2015,3,153615,-0.1735095722696589
Entre Ríos,2015,4,154461,0.5507274680206953
Entre Ríos,2016,1,154253,-0.13466182402029903
Entre Ríos,2016,2,155110,0.5555807666625556
Entre Ríos,2016,3,155482,0.23982979820771355
Entre Ríos,2016,4,155923,0.2836341184188518
Entre Ríos,2017,1,160444,2.899508090531855
Entre Ríos,2017,2,162496,1.278950911221366
Entre Ríos,2017,3,165363,1.7643511224891606
Entre Ríos,2017,4,209564,26.72967955346721
Entre Ríos,2018,1,210310,0.35597717165161136
Entre Ríos,2018,2,211237,0.44077789929151123
Entre Ríos,2018,3,206993,-2.009117720853826
Entre Ríos,2018,4,208263,0.6135473180252538
Entre Ríos,2019,1,210247,0.9526416118081471
Entre Ríos,2019,2,211624,0.6549439468815255
Entre Ríos,2019,3,216331,2.2242278758553002
Entre Ríos,2019,4,220415,1.8878477888051082
Entre Ríos,2020,1,220527,0.05081323866342746
Entre Ríos,2020,2,218562,-0.8910473547456776
Entre Ríos,2020,3,235140,7.585033079858339
Entre Ríos,2020,4,216322,-8.0028918941907
Entre Ríos,2021,1,221612,2.44542857407013
Entre Ríos,2021,2,222673,0.4787646878327889
Entre Ríos,2021,3,243917,9.540447202849013
Entre Ríos,2021,4,229305,-5.990562363426899
Entre Ríos,2022,1,229140,-0.07195656440112108
Entre Ríos,2022,2,230101,0.4193942567862541
Formosa,2014,1,30013,
Formosa,2014,2,46553,55.109452570552754
Formosa,2014,3,46428,-0.268511159323781
Formosa,2014,4,46590,0.3489273714138097
Formosa,2015,1,46316,-0.5881090362738761
Formosa,2015,2,46356,0.08636324380344451
Formosa,2015,3,46414,0.12511864699282782
Formosa,2015,4,46385,-0.0624811479295051
Formosa,2016,1,46370,-0.03233804031476106
Formosa,2016,2,46382,0.025878800948886393
Formosa,2016,3,46371,-0.0237160967616723
Formosa,2016,4,46293,-0.1682085786375076
Formosa,2017,1,48699,5.197330049899551
Formosa,2017,2,47888,-1.665331937000758
Formosa,2017,3,49376,3.107250250584692
Formosa,2017,4,49087,-0.5853046014257957
Formosa,2018,1,52510,6.973333061706755
Formosa,2018,2,52060,-0.8569796229289661
Formosa,2018,3,59888,15.03649635036497
Formosa,2018,4,58868,-1.70317926796687
Formosa,2019,1,56736,-3.6216620235102304
Formosa,2019,2,61107,7.704103214890012
Formosa,2019,3,59066,-3.3400428756116374
Formosa,2019,4,59153,0.14729285883587906
Formosa,2020,1,59239,0.145385694723843
Formosa,2020,2,59290,0.08609193267947735
Formosa,2020,3,60169,1.4825434305953733
Formosa,2020,4,59584,-0.9722614635443549
Formosa,2021,1,60478,1.5004027926960317
Formosa,2021,2,60625,0.24306359337280536
Formosa,2021,3,66173,9.151340206185576
Formosa,2021,4,67396,1.8481858159672404
Formosa,2022,1,67264,-0.195857320909254
Formosa,2022,2,67339,0.11150095147478556
Jujuy,2014,1,64535,
Jujuy,2014,2,71984,11.542573797164323
Jujuy,2014,3,73976,2.767281618137374
Jujuy,2014,4,79331,7.238834216502643
Jujuy,2015,1,80056,0.9138924254074698
Jujuy,2015,2,83523,4.330718497052066
Jujuy,2015,3,85777,2.6986578547226525
Jujuy,2015,4,86586,0.9431432668430828
Jujuy,2016,1,84849,-2.0060979835077264
Jujuy,2016,2,85293,0.5232825372131655
Jujuy,2016,3,84547,-0.8746321503523169
Jujuy,2016,4,81754,-3.303488000756971
Jujuy,2017,1,84116,2.8891552706901136
Jujuy,2017,2,84568,0.5373531789433672
Jujuy,2017,3,84664,0.11351811559927594
Jujuy,2017,4,87008,2.7685911367287153
Jujuy,2018,1,88658,1.896377344611988
Jujuy,2018,2,89913,1.4155518960499824
Jujuy,2018,3,91767,2.0619932601514845
Jujuy,2018,4,98704,7.559362297993832
Jujuy,2019,1,87894,-10.951937104879239
Jujuy,2019,2,88550,0.7463535622454387
Jujuy,2019,3,91428,3.25014116318465
Jujuy,2019,4,95103,4.019556372227329
Jujuy,2020,1,97650,2.6781489542916592
Jujuy,2020,2,97761,0.11367127496160201
Jujuy,2020,3,109266,11.768496639764315
Jujuy,2020,4,109703,0.39994142734245397
Jujuy,2021,1,106851,-2.599746588516272
Jujuy,2021,2,106450,-0.3752889537767534
Jujuy,2021,3,107881,1.3442930953499355
Jujuy,2021,4,108333,0.4189801725975828
Jujuy,2022,1,109925,1.4695429832091822
Jujuy,2022,2,112372,2.226063224926089
La Pampa,2014,1,67773,
La Pampa,2014,2,76732,13.219128561521543
La Pampa,2014,3,77927,1.5573685033623441
La Pampa,2014,4,79733,2.317553607863765
La Pampa,2015,1,81292,1.9552757327580883
La Pampa,2015,2,82878,1.9509914874772383
La Pampa,2015,3,86107,3.8960882260672403
La Pampa,2015,4,87160,1.2228970931515537
La Pampa,2016,1,89605,2.805185865075721
La Pampa,2016,2,89647,0.04687238435354679
La Pampa,2016,3,90884,1.3798565484623104
La Pampa,2016,4,100574,10.661942696184145
La Pampa,2017,1,101390,0.8113428918010701
La Pampa,2017,2,99285,-2.0761416313245906
La Pampa,2017,3,99694,0.4119454096792152
La Pampa,2017,4,84075,-15.666940838967236
La Pampa,2018,1,83823,-0.2997323818019648
La Pampa,2018,2,82552,-1.5162902783245613
La Pampa,2018,3,83258,0.8552185289272263
La Pampa,2018,4,81403,-2.2280141247687957
La Pampa,2019,1,81351,-0.0638797095930177
La Pampa,2019,2,83122,2.176986146451787
La Pampa,2019,3,82596,-0.632804792954933
La Pampa,2019,4,81047,-1.8753934815245343
La Pampa,2020,1,79897,-1.4189297568077741
La Pampa,2020,2,80878,1.2278308321964637
La Pampa,2020,3,79243,-2.0215633423180557
La Pampa,2020,4,79521,0.3508196307560274
La Pampa,2021,1,80094,0.7205643792205896
La Pampa,2021,2,79718,-0.4694483981321995
La Pampa,2021,3,81056,1.6784164178730077
La Pampa,2021,4,82376,1.6285037504934818
La Pampa,2022,1,78656,-4.515878411187724
La Pampa,2022,2,77942,-0.9077502034174123
La Rioja,2014,1,25108,
La Rioja,2014,2,25071,-0.14736339015453126
La Rioja,2014,3,24594,-1.9025966255833415
La Rioja,2014,4,26337,7.087094413271533
La Rioja,2015,1,25553,-2.9768006986368944
La Rioja,2015,2,25403,-0.5870152232614556
La Rioja,2015,3,25779,1.4801401409282322
La Rioja,2015,4,25151,-2.4360913922184757
La Rioja,2016,1,24225,-3.6817621565742864
La Rioja,2016,2,24385,0.660474716202275
La Rioja,2016,3,24599,0.8775886815665324
La Rioja,2016,4,25719,4.553030611000453
La Rioja,2017,1,24415,-5.070181577821842
La Rioja,2017,2,24114,-1.2328486586115073
La Rioja,2017,3,23965,-0.6178983163307672
La Rioja,2017,4,23707,-1.0765699979136234
La Rioja,2018,1,23758,0.21512633399418668
La Rioja,2018,2,22865,-3.7587339001599496
La Rioja,2018,3,24018,5.042641591952757
La Rioja,2018,4,24839,3.4182696311100047
La Rioja,2019,1,25931,4.396312250895762
La Rioja,2019,2,25887,-0.16968107670355392
La Rioja,2019,3,20088,-22.401205238150425
La Rioja,2019,4,18979,-5.52070888092393
La Rioja,2020,1,18853,-0.6638916697402353
La Rioja,2020,2,19297,2.355062854718093
La Rioja,2020,3,19678,1.9744001658288823
La Rioja,2020,4,23695,20.413659924789094
La Rioja,2021,1,19675,-16.96560455792361
La Rioja,2021,2,20282,3.0851334180431955
La Rioja,2021,3,20724,2.179272261118226
La Rioja,2021,4,25613,23.591005597375016
La Rioja,2022,1,23751,-7.269745832194586
La Rioja,2022,2,24062,1.3094185507978695
Mendoza,2014,1,106933,
Mendoza,2014,2,116281,8.741922512227273
Mendoza,2014,3,116918,0.5478109063389525
Mendoza,2014,4,116149,-0.6577259275731717
Mendoza,2015,1,115783,-0.31511248482553045
Mendoza,2015,2,116704,0.795453563994708
Mendoza,2015,3,117481,0.6657869481765832
Mendoza,2015,4,116883,-0.5090184795839336
Mendoza,2016,1,116180,-0.601456157011715
Mendoza,2016,2,116159,-0.018075400241002182
Mendoza,2016,3,116331,0.14807290007661233
Mendoza,2016,4,116997,0.5725043195708768
Mendoza,2017,1,116672,-0.277784900467537
Mendoza,2017,2,113243,-2.9390085024684542
Mendoza,2017,3,113715,0.4168028045883565
Mendoza,2017,4,113934,0.19258672998285764
Mendoza,2018,1,88337,-22.46651570207313
Mendoza,2018,2,89146,0.915811041805803
Mendoza,2018,3,117513,31.82083323985372
Mendoza,2018,4,117382,-0.11147702807349225
Mendoza,2019,1,140501,19.69552401560717
Mendoza,2019,2,139687,-0.5793553070796653
Mendoza,2019,3,103899,-25.620136447915698
Mendoza,2019,4,102375,-1.4668091126959881
Mendoza,2020,1,103132,0.7394383394383475
Mendoza,2020,2,102654,-0.46348369080402296
Mendoza,2020,3,104996,2.2814503088043336
Mendoza,2020,4,106491,1.4238637662387088
Mendoza,2021,1,106177,-0.29486059854823
Mendoza,2021,2,108664,2.342315190672184
Mendoza,2021,3,112397,3.435360376941765
Mendoza,2021,4,115618,2.8657348505743085
Mendoza,2022,1,120661,4.361777577885806
Mendoza,2022,2,129894,7.6520168074191375
Misiones,2014,1,99220,
Misiones,2014,2,114366,15.265067526708332
Misiones,2014,3,115847,1.2949652868859518
Misiones,2014,4,112595,-2.8071508109834498
Misiones,2015,1,114278,1.4947377769883197
Misiones,2015,2,116298,1.7676193143037144
Misiones,2015,3,118527,1.9166279729660118
Misiones,2015,4,119199,0.5669594269660072
Misiones,2016,1,121064,1.564610441362757
Misiones,2016,2,122257,0.9854291944756399
Misiones,2016,3,122505,0.20285137047366675
Misiones,2016,4,123220,0.5836496469531882
Misiones,2017,1,123346,0.10225612725207611
Misiones,2017,2,123028,-0.25781135991438386
Misiones,2017,3,125110,1.6922976883311014
Misiones,2017,4,133485,6.694109183918151
Misiones,2018,1,134351,0.6487620331872446
Misiones,2018,2,134960,0.45329026207472367
Misiones,2018,3,135350,0.2889745109662112
Misiones,2018,4,137821,1.825637236793498
Misiones,2019,1,137541,-0.20316207254337249
Misiones,2019,2,141493,2.8733250448957026
Misiones,2019,3,143508,1.4240987186645349
Misiones,2019,4,144435,0.6459570198177111
Misiones,2020,1,143352,-0.7498182573476009
Misiones,2020,2,142174,-0.821753446062834
Misiones,2020,3,137953,-2.9688972667294977
Misiones,2020,4,138446,0.3573680891318043
Misiones,2021,1,138117,-0.23763777935079666
Misiones,2021,2,140283,1.5682356263168273
Misiones,2021,3,140488,0.14613317365610445
Misiones,2021,4,139606,-0.6278116280394097
Misiones,2022,1,139738,0.09455181009412339
Misiones,2022,2,142495,1.9729780016888743
Neuquén,2014,1,105837,
Neuquén,2014,2,154762,46.22674490017668
Neuquén,2014,3,154805,0.02778459828640667
Neuquén,2014,4,154765,-0.025838958689961
Neuquén,2015,1,111183,-28.160113720802503
Neuquén,2015,2,111237,0.0485685761312471
Neuquén,2015,3,111307,0.06292870178088439
Neuquén,2015,4,111106,-0.18058163457823628
Neuquén,2016,1,111050,-0.050402318506648225
Neuquén,2016,2,111025,-0.02251238180999149
Neuquén,2016,3,110917,-0.09727538842603245
Neuquén,2016,4,110825,-0.08294490474859417
Neuquén,2017,1,110781,-0.03970223325061584
Neuquén,2017,2,110681,-0.09026818678292692
Neuquén,2017,3,109995,-0.6197992428691457
Neuquén,2017,4,77174,-29.838629028592212
Neuquén,2018,1,77047,-0.16456319485836923
Neuquén,2018,2,78776,2.2440847794203522
Neuquén,2018,3,80391,2.0501167868386405
Neuquén,2018,4,80025,-0.4552748441989829
Neuquén,2019,1,80031,0.007497656982202727
Neuquén,2019,2,79179,-1.0645874723544613
Neuquén,2019,3,77398,-2.2493337879993414
Neuquén,2019,4,76801,-0.7713377606656469
Neuquén,2020,1,78339,2.0025780914310953
Neuquén,2020,2,79434,1.397771225060307
Neuquén,2020,3,80161,0.9152252184203347
Neuquén,2020,4,79485,-0.8433028530083209
Neuquén,2021,1,78320,-1.465685349436996
Neuquén,2021,2,78122,-0.2528089887640417
Neuquén,2021,3,77903,-0.2803307647013642
Neuquén,2021,4,76685,-1.563482792703752
Neuquén,2022,1,76008,-0.8828323661733029
Neuquén,2022,2,75772,-0.3104936322492424
Río Negro,2014,1,40129,
Río Negro,2014,2,58097,44.77559869421117
Río Negro,2014,3,58165,0.1170456305833456
Río Negro,2014,4,58053,-0.19255566062065244
Río Negro,2015,1,57497,-0.9577455084147202
Río Negro,2015,2,58204,1.2296293719672224
Río Negro,2015,3,57112,-1.8761597141089936
Río Negro,2015,4,56550,-0.9840313769435505
Río Negro,2016,1,54900,-2.917771883289122
Río Negro,2016,2,54753,-0.2677595628415297
Río Negro,2016,3,54503,-0.4565959856080992
Río Negro,2016,4,54014,-0.897198319358572
Río Negro,2017,1,52481,-2.8381530714259307
Río Negro,2017,2,58240,10.973495169680447
Río Negro,2017,3,57889,-0.6026785714285721
Río Negro,2017,4,90862,56.959007756223116
Río Negro,2018,1,90018,-0.9288811604411085
Río Negro,2018,2,87667,-2.611699882245777
Río Negro,2018,3,95213,8.607571834327633
Río Negro,2018,4,91252,-4.160146198523307
Río Negro,2019,1,90118,-1.2427124884934027
Río Negro,2019,2,108723,20.645154131250145
Río Negro,2019,3,111471,2.527524074942744
Río Negro,2019,4,110594,-0.7867517112074007
Río Negro,2020,1,109833,-0.6881024287031856
Río Negro,2020,2,111595,1.6042537306638183
Río Negro,2020,3,112475,0.7885657959586068
Río Negro,2020,4,111495,-0.8713047343854141
Río Negro,2021,1,110693,-0.7193147674783629
Río Negro,2021,2,111055,0.32703061620880103
Río Negro,2021,3,112180,1.0130115708432808
Río Negro,2021,4,111231,-0.8459618470315511
Río Negro,2022,1,107854,-3.036024129963766
Río Negro,2022,2,107552,-0.2800081591781467
Salta,2014,1,123120,
Salta,2014,2,166019,34.8432423651722
Salta,2014,3,166681,0.3987495407152153
Salta,2014,4,166843,0.09719164151882342
Salta,2015,1,168225,0.8283236335956623
Salta,2015,2,169164,0.5581810075791394
Salta,2015,3,170310,0.677449102645955
Salta,2015,4,172954,1.5524631554224566
Salta,2016,1,170519,-1.407888802803059
Salta,2016,2,174345,2.2437382344489443
Salta,2016,3,172479,-1.0702916630818238
Salta,2016,4,172942,0.2684384765681669
Salta,2017,1,171113,-1.0575799979183786
Salta,2017,2,256395,49.83957969295145
Salta,2017,3,254908,-0.5799645078882198
Salta,2017,4,176445,-30.78090919076687
Salta,2018,1,175454,-0.5616481056419875
Salta,2018,2,169029,-3.661928482679222
Salta,2018,3,176000,4.1241443775920095
Salta,2018,4,176841,0.4778409090909097
Salta,2019,1,174728,-1.1948586583428011
Salta,2019,2,185491,6.159859896524877
Salta,2019,3,188437,1.5882172180860632
Salta,2019,4,189127,0.3661701258245387
Salta,2020,1,187051,-1.0976751072031
Salta,2020,2,202609,8.317517682343322
Salta,2020,3,203833,0.6041192641985216
Salta,2020,4,203833,0.0
Salta,2021,1,203905,0.03532303405238135
Salta,2021,2,195472,-4.135749491184615
Salta,2021,3,243234,24.43419006302694
Salta,2021,4,206327,-15.173454369043803
Salta,2022,1,215980,4.678495785815717
Salta,2022,2,213618,-1.0936197796092229
San Juan,2014,1,42011,
San Juan,2014,2,42146,0.3213444097974305
San Juan,2014,3,42753,1.440231575950257
San Juan,2014,4,42970,0.5075667204640588
San Juan,2015,1,43939,2.2550616709332116
San Juan,2015,2,43565,-0.8511800450624718
San Juan,2015,3,43576,0.025249626994150454
San Juan,2015,4,44239,1.5214797136038127
San Juan,2016,1,42207,-4.593232215918086
San Juan,2016,2,42414,0.4904399744118271
San Juan,2016,3,42357,-0.13438958834347536
San Juan,2016,4,39847,-5.925820997709941
San Juan,2017,1,40819,2.4393304389288994
San Juan,2017,2,40621,-0.4850682280310603
San Juan,2017,3,39530,-2.6858029098249636
San Juan,2017,4,39494,-0.09107007336199846
San Juan,2018,1,37444,-5.1906618726895175
San Juan,2018,2,47920,27.97778015169319
San Juan,2018,3,45075,-5.936978297161932
San Juan,2018,4,43605,-3.261231281198007
San Juan,2019,1,44083,1.0962045636968343
San Juan,2019,2,43355,-1.6514302565614813
San Juan,2019,3,30778,-29.0093414831046
San Juan,2019,4,29520,-4.087335109493795
San Juan,2020,1,30303,2.652439024390252
San Juan,2020,2,33129,9.325809325809331
San Juan,2020,3,33664,1.6148993329107464
San Juan,2020,4,33755,0.2703184410646431
San Juan,2021,1,33922,0.49474151977484393
San Juan,2021,2,33726,-0.5777961205117643
San Juan,2021,3,34008,0.8361501512186509
San Juan,2021,4,33497,-1.5025876264408322
San Juan,2022,1,34474,2.9166791055915464
San Juan,2022,2,37356,8.35992342054881
San Luis,2014,1,16869,
San Luis,2014,2,55697,230.17369138656707
San Luis,2014,3,54824,-1.5674093757293894
San Luis,2014,4,55289,0.8481686852473302
San Luis,2015,1,55603,0.5679249036878886
San Luis,2015,2,55558,-0.08093088502418855
San Luis,2015,3,54728,-1.4939342668922606
San Luis,2015,4,54524,-0.37275252156117045
San Luis,2016,1,54984,0.8436651749688107
San Luis,2016,2,53963,-1.856903826567724
San Luis,2016,3,54078,0.21310898208031226
San Luis,2016,4,54337,0.47893783054107075
San Luis,2017,1,57104,5.092294385041507
San Luis,2017,2,54893,-3.871882880358646
San Luis,2017,3,62617,14.071010875703639
San Luis,2017,4,62682,0.10380567577494837
San Luis,2018,1,61967,-1.1406783446603508
San Luis,2018,2,57243,-7.623412461471424
San Luis,2018,3,55302,-3.3908076096640594
San Luis,2018,4,55183,-0.21518209106361486
San Luis,2019,1,53561,-2.9393110196980987
San Luis,2019,2,53561,0.0
San Luis,2019,3,49555,-7.479322641474207
San Luis,2019,4,48422,-2.2863485016648144
San Luis,2020,1,47659,-1.575730040064438
San Luis,2020,2,45905,-3.6803122180490533
San Luis,2020,3,45793,-0.24398213702211402
San Luis,2020,4,45791,-0.004367479745814862
San Luis,2021,1,45583,-0.4542377323054736
San Luis,2021,2,45688,0.23034903363094994
San Luis,2021,3,46357,1.464279460689899
San Luis,2021,4,46426,0.14884483465280596
San Luis,2022,1,46491,0.1400077542756284
San Luis,2022,2,47129,1.3723086188724753
Santa Cruz,2014,1,21133,
Santa Cruz,2014,2,46547,120.2574173094213
Santa Cruz,2014,3,43728,-6.056244226265928
Santa Cruz,2014,4,44012,0.6494694474936002
Santa Cruz,2015,1,54518,23.870762519312905
Santa Cruz,2015,2,54155,-0.6658351370189663
Santa Cruz,2015,3,54965,1.4957067676114821
Santa Cruz,2015,4,55004,0.0709542436095667
Santa Cruz,2016,1,54419,-1.0635590138899031
Santa Cruz,2016,2,51724,-4.952314448997597
Santa Cruz,2016,3,51191,-1.0304694145851
Santa Cruz,2016,4,50923,-0.5235295266746154
Santa Cruz,2017,1,50321,-1.1821770123519815
Santa Cruz,2017,2,50140,-0.35969078515927233
Santa Cruz,2017,3,47927,-4.41364180295174
Santa Cruz,2017,4,50206,4.755148454941893
Santa Cruz,2018,1,53152,5.86782456280126
Santa Cruz,2018,2,53338,0.34993979530404395
Santa Cruz,2018,3,56779,6.451310510330344
Santa Cruz,2018,4,56941,0.28531675443386195
Santa Cruz,2019,1,56833,-0.18967000930788513
Santa Cruz,2019,2,52539,-7.555469533545656
Santa Cruz,2019,3,48075,-8.496545423399759
Santa Cruz,2019,4,47954,-0.2516900676027056
Santa Cruz,2020,1,43321,-9.661342119531213
Santa Cruz,2020,2,43719,0.9187230211675557
Santa Cruz,2020,3,44577,1.9625334522747506
Santa Cruz,2020,4,44340,-0.5316643111918706
Santa Cruz,2021,1,44241,-0.2232746955345033
Santa Cruz,2021,2,42352,-4.269794986550934
Santa Cruz,2021,3,42248,-0.24556101246694384
Santa Cruz,2021,4,41732,-1.2213595909865593
Santa Cruz,2022,1,41803,0.17013323109364986
Santa Cruz,2022,2,42016,0.5095328086500928
Santa Fe,2014,1,546523,
Santa Fe,2014,2,650114,18.954554520120848
Santa Fe,2014,3,654067,0.6080472040288276
Santa Fe,2014,4,652071,-0.30516751341987947
Santa Fe,2015,1,604333,-7.320981917613267
Santa Fe,2015,2,611604,1.2031446239076704
Santa Fe,2015,3,613455,0.3026468106814173
Santa Fe,2015,4,613513,0.009454646225059982
Santa Fe,2016,1,610811,-0.44041446554514696
Santa Fe,2016,2,615206,0.7195351753652046
Santa Fe,2016,3,614627,-0.09411481682558565
Santa Fe,2016,4,617120,0.40561185889977924
Santa Fe,2017,1,612749,-0.7082901218563697
Santa Fe,2017,2,618927,1.0082431795074287
Santa Fe,2017,3,615939,-0.48277098914735195
Santa Fe,2017,4,628931,2.109299784556584
Santa Fe,2018,1,623481,-0.8665497487005736
Santa Fe,2018,2,615398,-1.2964308455269635
Santa Fe,2018,3,630700,2.486520918170032
Santa Fe,2018,4,599124,-5.006500713492946
Santa Fe,2019,1,599988,0.1442105473991928
Santa Fe,2019,2,603033,0.5075101502030055
Santa Fe,2019,3,655582,8.714116806211258
Santa Fe,2019,4,658150,0.3917130122547574
Santa Fe,2020,1,670943,1.9437818126566864
Santa Fe,2020,2,672663,0.2563556069591577
Santa Fe,2020,3,690129,2.596545372645731
Santa Fe,2020,4,684675,-0.7902870332937795
Santa Fe,2021,1,686902,0.3252638112973383
Santa Fe,2021,2,674967,-1.7375113189363245
Santa Fe,2021,3,824741,22.189825576657828
Santa Fe,2021,4,746848,-9.444540770981435
Santa Fe,2022,1,744319,-0.33862312009940165
Santa Fe,2022,2,750117,0.7789670826621409
Santiago Del Estero,2018,1,96378,
Santiago Del Estero,2018,2,96384,0.006225487144373432
Santiago Del Estero,2018,3,108875,12.959619853917669
Santiago Del Estero,2018,4,105239,-3.3396096440872602
Santiago Del Estero,2019,1,109220,3.782818156766976
Santiago Del Estero,2019,2,108956,-0.2417139718000394
Santiago Del Estero,2019,3,89673,-17.697969822680715
Santiago Del Estero,2019,4,89885,0.23641452834186616
Santiago Del Estero,2020,1,88946,-1.044668187127995
Santiago Del Estero,2020,2,90102,1.299664965259817
Santiago Del Estero,2020,3,91593,1.6547912365985296
Santiago Del Estero,2020,4,92329,0.8035548568122053
Santiago Del Estero,2021,1,159550,72.80594396126894
Santiago Del Estero,2021,2,161926,1.4891883422124774
Santiago Del Estero,2021,3,190674,17.7537887677087
Santiago Del Estero,2021,4,190841,0.08758404397033459
Santiago Del Estero,2022,1,145552,-23.731273678088037
Santiago Del Estero,2022,2,148501,2.0260800263823153
Santiago del Estero,2014,1,92972,
Santiago del Estero,2014,2,96849,4.170072710063244
Santiago del Estero,2014,3,97796,0.9778108189036461
Santiago del Estero,2014,4,98334,0.5501247494785089
Santiago del Estero,2015,1,98247,-0.08847397644762278
Santiago del Estero,2015,2,98712,0.4732968945616589
Santiago del Estero,2015,3,99599,0.8985736283329215
Santiago del Estero,2015,4,99921,0.32329641863875214
Santiago del Estero,2016,1,98890,-1.0318151339558268
Santiago del Estero,2016,2,99076,0.18808777429466517
Santiago del Estero,2016,3,99070,-0.006055957043082927
Santiago del Estero,2016,4,98021,-1.058847279701225
Santiago del Estero,2017,1,97561,-0.4692871935605636
Santiago del Estero,2017,2,97231,-0.33824991543751626
Santiago del Estero,2017,3,97936,0.7250773930125076
Santiago del Estero,2017,4,96330,-1.6398464303218452
Tierra Del Fuego,2018,1,40301,
Tierra Del Fuego,2018,2,41093,1.9652117813453662
Tierra Del Fuego,2018,3,46296,12.661523860511515
Tierra Del Fuego,2018,4,46184,-0.24192154829790757
Tierra Del Fuego,2019,1,45852,-0.7188636757318512
Tierra Del Fuego,2019,2,45811,-0.0894181278897288
Tierra Del Fuego,2019,3,42866,-6.428587020584575
Tierra Del Fuego,2019,4,41577,-3.007045210656467
Tierra Del Fuego,2020,1,41493,-0.2020347788440735
Tierra Del Fuego,2020,2,41920,1.0290892439688726
Tierra Del Fuego,2020,3,42403,1.1521946564885477
Tierra Del Fuego,2020,4,42442,0.09197462443695237
Tierra Del Fuego,2021,1,42034,-0.9613119080156496
Tierra Del Fuego,2021,2,42158,0.2949992862920414
Tierra Del Fuego,2021,3,42452,0.697376535888794
Tierra Del Fuego,2021,4,42441,-0.025911617827190092
Tierra Del Fuego,2022,1,42756,0.742206828302816
Tierra Del Fuego,2022,2,42480,-0.6455234353073269
Tierra del Fuego,2014,1,29886,
Tierra del Fuego,2014,2,34726,16.194873853978443
Tierra del Fuego,2014,3,35025,0.8610263203363555
Tierra del Fuego,2014,4,34741,-0.8108493932905025
Tierra del Fuego,2015,1,35399,1.8940157163006344
Tierra del Fuego,2015,2,36057,1.8588095708918395
Tierra del Fuego,2015,3,37053,2.7622930360262865
Tierra del Fuego,2015,4,37687,1.7110625320486905
Tierra del Fuego,2016,1,38875,3.152280627271997
Tierra del Fuego,2016,2,38086,-2.0295819935691295
Tierra del Fuego,2016,3,38592,1.328572178753351
Tierra del Fuego,2016,4,38707,0.2979892205638546
Tierra del Fuego,2017,1,38724,0.043919704446215846
Tierra del Fuego,2017,2,38896,0.4441689908067259
Tierra del Fuego,2017,3,39928,2.6532291238173578
Tierra del Fuego,2017,4,40083,0.38819875776396895
Tucumán,2014,1,111552,
Tucumán,2014,2,120165,7.721062822719449
Tucumán,2014,3,119720,-0.37032413764407357
Tucumán,2014,4,120037,0.26478449716003105
Tucumán,2015,1,119332,-0.5873189100027543
Tucumán,2015,2,121485,1.8042101029061675
Tucumán,2015,3,122680,0.9836605342223415
Tucumán,2015,4,125200,2.0541245516791706
Tucumán,2016,1,129189,3.1861022364217284
Tucumán,2016,2,124686,-3.4855908784803713
Tucumán,2016,3,125384,0.5598062332579534
Tucumán,2016,4,124208,-0.937918713711483
Tucumán,2017,1,124655,0.35988020095323314
Tucumán,2017,2,179233,43.78324174722232
Tucumán,2017,3,179573,0.1896972097772176
Tucumán,2017,4,117365,-34.64217894672361
Tucumán,2018,1,117582,0.18489328164272845
Tucumán,2018,2,119017,1.2204248949669205
Tucumán,2018,3,125823,5.718510800978005
Tucumán,2018,4,125380,-0.35208189281769053
Tucumán,2019,1,118638,-5.377253150422712
Tucumán,2019,2,117489,-0.9684923886107311
Tucumán,2019,3,109911,-6.4499655286877955
Tucumán,2019,4,113416,3.1889437817870903
Tucumán,2020,1,110406,-2.653946533117024
Tucumán,2020,2,97161,-11.996630617901205
Tucumán,2020,3,110110,13.327363859984963
Tucumán,2020,4,111110,0.9081827263645481
Tucumán,2021,1,110506,-0.5436054360543618
Tucumán,2021,2,114139,3.2876042929795624
Tucumán,2021,3,113366,-0.677244412514566
Tucumán,2021,4,110048,-2.926803450770077
Tucumán,2022,1,119507,8.595340215178826
Tucumán,2022,2,132544,10.908984410955004
